Date,Actual_T2M,Predicted_T2M,Error_T2M,Actual_PS,Predicted_PS,Error_PS,Actual_QV2M,Predicted_QV2M,Error_QV2M,Actual_WS2M,Predicted_WS2M,Error_WS2M,Actual_GWETTOP,Predicted_GWETTOP,Error_GWETTOP
2020-10-09,27.6,27.66080000000003,0.06080000000002883,98.54,98.33460000000001,0.20539999999999736,8.05,8.1165,0.06649999999999956,1.21,1.9155000000000022,0.7055000000000022,0.33,0.33009999999999884,9.999999999882325e-05
2021-04-24,27.47,29.189899999999998,1.719899999999999,98.52,98.32515000000011,0.19484999999988872,5.44,5.585849999999989,0.1458499999999887,3.34,2.3330000000000064,1.0069999999999935,0.16,0.14405000000000037,0.01594999999999963
2022-11-30,16.42,16.819100000000027,0.39910000000002555,99.18,99.08615000000017,0.09384999999983279,7.25,6.748750000000006,0.5012499999999944,1.36,1.3384499999999964,0.021550000000003733,0.51,0.5123000000000004,0.002300000000000413
2023-06-09,35.76,35.83709999999994,0.07709999999994466,97.55,97.52575000000026,0.024249999999739202,11.39,11.153700000000017,0.23629999999998397,2.88,2.6832000000000016,0.1967999999999983,0.25,0.26135000000000075,0.011350000000000748
2021-05-22,29.68,28.638350000000095,1.0416499999999047,98.04,97.96979999999994,0.07020000000007087,13.13,12.199399999999992,0.930600000000009,1.85,1.9358999999999966,0.08589999999999653,0.46,0.48315000000000036,0.023150000000000337
2021-05-10,34.56,33.01004999999995,1.5499500000000523,97.97,98.1297000000001,0.15970000000010032,8.36,8.640750000000022,0.2807500000000225,1.26,1.8228999999999989,0.5628999999999988,0.24,0.21545000000000042,0.024549999999999572
2021-02-20,17.76,18.787049999999947,1.0270499999999458,99.41,99.18905000000007,0.22094999999993092,4.39,4.684049999999996,0.2940499999999959,1.66,2.0726000000000053,0.4126000000000054,0.32,0.32035,0.00035000000000001696
2025-07-04,31.73,32.29624999999998,0.5662499999999788,97.56,97.49304999999973,0.06695000000027562,20.27,19.573100000000007,0.6968999999999923,2.19,2.0028500000000022,0.1871499999999977,0.43,0.44039999999999935,0.010399999999999354
2022-12-07,13.56,14.673500000000013,1.1135000000000126,99.04,99.12560000000003,0.08560000000002788,5.52,6.15095,0.6309500000000003,2.7,2.1031999999999966,0.5968000000000035,0.49,0.488099999999999,0.001900000000001012
2023-02-25,21.51,21.14549999999997,0.3645000000000316,99.17,99.12434999999999,0.04565000000000907,5.34,5.00124999999999,0.3387500000000099,1.46,1.6699499999999972,0.2099499999999972,0.35,0.3491500000000005,0.0008499999999994623
2025-06-11,37.93,37.513500000000064,0.41649999999993526,97.59,97.57705000000026,0.012949999999747774,8.99,9.181800000000019,0.1918000000000184,1.68,2.2626499999999963,0.5826499999999963,0.21,0.22909999999999972,0.01909999999999973
2020-04-06,26.62,26.992150000000056,0.3721500000000546,98.69,98.6332500000002,0.05674999999979491,7.0,7.691750000000016,0.6917500000000159,2.46,2.2187499999999933,0.24125000000000663,0.33,0.3313500000000002,0.0013500000000001844
2021-08-08,29.42,27.836100000000055,1.5838999999999466,97.9,97.69930000000014,0.20069999999986976,20.92,20.424400000000002,0.4955999999999996,0.58,1.460750000000001,0.8807500000000011,0.74,0.7517000000000003,0.011700000000000266
2025-04-30,31.55,31.146749999999997,0.40325000000000344,98.3,98.12645,0.17354999999999166,8.63,7.878100000000009,0.751899999999992,3.21,2.8656499999999965,0.3443500000000035,0.1,0.10645000000000016,0.00645000000000015
2021-08-13,29.54,29.30295000000009,0.2370499999999076,97.7,97.68154999999996,0.018450000000044042,20.76,20.57094999999997,0.18905000000003014,1.82,1.982849999999999,0.16284999999999883,0.7,0.6963000000000017,0.0036999999999982602
2024-09-16,26.51,27.00774999999995,0.4977499999999502,98.1,97.95080000000007,0.14919999999992228,17.92,18.977399999999992,1.0573999999999906,1.91,1.423800000000001,0.48619999999999886,0.79,0.8027500000000011,0.012750000000001038
2021-07-06,36.01,34.23804999999996,1.7719500000000394,97.58,97.64729999999994,0.06729999999994618,14.84,16.12744999999999,1.287449999999989,2.43,2.135399999999998,0.2946000000000022,0.33,0.34394999999999987,0.013949999999999851
2020-09-11,31.0,30.522899999999964,0.4771000000000356,97.83,97.9206999999998,0.09069999999979927,17.48,17.691849999999967,0.21184999999996634,1.46,1.878149999999999,0.41814999999999913,0.45,0.4587499999999992,0.008749999999999203
2025-10-06,24.99,25.183850000000056,0.19385000000005803,98.49,98.4540000000001,0.03599999999990189,16.39,15.897300000000032,0.49269999999996905,1.31,1.7078499999999988,0.3978499999999987,0.69,0.6880499999999986,0.0019500000000013396
2022-01-16,11.15,10.790799999999974,0.35920000000002617,99.58,99.37800000000009,0.20199999999991292,5.55,6.129749999999996,0.5797499999999962,1.24,1.2430500000000013,0.0030500000000013294,0.52,0.5282000000000006,0.00820000000000054
2023-02-02,14.1,14.349150000000032,0.24915000000003218,99.15,99.14884999999997,0.001150000000038176,4.9,5.282699999999997,0.38269999999999627,2.79,2.1287500000000024,0.6612499999999977,0.41,0.40594999999999887,0.004050000000001108
2021-01-22,13.32,13.261349999999986,0.0586500000000143,98.99,98.85279999999999,0.1372000000000071,3.71,4.363899999999999,0.6538999999999993,1.26,3.2014499999999977,1.9414499999999977,0.35,0.35020000000000046,0.00020000000000047757
2021-12-22,13.2,12.876000000000017,0.3239999999999821,99.04,99.14025000000004,0.10025000000003104,4.02,4.029400000000009,0.009400000000009179,1.09,1.3859499999999993,0.29594999999999927,0.45,0.4547500000000003,0.0047500000000003095
2020-01-30,12.01,13.414600000000018,1.404600000000018,99.38,99.14884999999997,0.23115000000002794,5.01,5.880099999999983,0.870099999999983,2.38,1.6696000000000006,0.7103999999999993,0.39,0.40799999999999875,0.01799999999999874
2021-01-03,15.79,14.187549999999995,1.6024500000000046,99.0,99.30294999999995,0.302949999999953,9.86,4.785600000000003,5.074399999999996,2.64,1.178249999999999,1.4617500000000012,0.49,0.2565499999999995,0.2334500000000005
2022-05-15,37.89,37.882999999999875,0.0070000000001257945,97.44,97.4065500000003,0.03344999999970355,4.1,5.5771000000000095,1.4771000000000098,2.19,2.1243999999999974,0.06560000000000255,0.12,0.13054999999999994,0.010549999999999948
2025-03-25,27.38,26.084749999999982,1.295250000000017,98.53,98.66945,0.13944999999999652,3.98,4.052950000000001,0.07295000000000096,1.55,2.0997500000000007,0.5497500000000006,0.16,0.1576000000000003,0.002399999999999708
2021-06-03,32.34,32.679399999999916,0.33939999999991244,98.09,97.99050000000013,0.09949999999987824,12.17,12.31890000000001,0.14890000000001002,1.17,1.4096000000000013,0.23960000000000137,0.39,0.40545000000000037,0.015450000000000352
2020-04-21,27.72,26.57944999999995,1.1405500000000472,98.5,98.4465,0.05349999999999966,9.86,8.76310000000002,1.0968999999999802,1.83,2.00495,0.17494999999999994,0.31,0.3080999999999999,0.0019000000000001238
2025-12-16,15.84,16.303700000000013,0.46370000000001355,99.18,99.2674000000001,0.08740000000008763,4.45,4.68330000000001,0.2333000000000096,2.15,1.5300999999999967,0.6199000000000032,0.34,0.337200000000001,0.0027999999999990255
2021-05-01,33.73,32.65445000000008,1.0755499999999145,98.22,98.22700000000027,0.0070000000002750085,6.08,6.386249999999998,0.3062499999999977,1.31,2.9210000000000003,1.6110000000000002,0.16,0.14184999999999975,0.01815000000000025
2020-08-28,29.63,29.20035000000002,0.42964999999997744,97.76,97.82035000000015,0.06035000000014179,20.9,20.10259999999998,0.7974000000000174,0.98,1.9792500000000004,0.9992500000000004,0.63,0.5730999999999984,0.056900000000001616
2022-03-19,28.37,27.227100000000053,1.1428999999999476,98.14,98.23089999999998,0.09089999999997644,9.4,8.524800000000011,0.8751999999999889,1.26,1.5453499999999998,0.28534999999999977,0.35,0.3520000000000003,0.002000000000000335
2022-05-09,34.58,34.797800000000116,0.21780000000011768,97.86,97.89525000000005,0.03525000000004752,9.07,8.234450000000002,0.8355499999999978,2.38,2.2968999999999955,0.08310000000000439,0.16,0.16879999999999967,0.00879999999999967
2020-05-14,33.67,32.59584999999996,1.0741500000000386,98.19,98.16259999999997,0.027400000000028513,11.38,9.84924999999999,1.53075000000001,1.26,1.5334999999999999,0.27349999999999985,0.28,0.2976999999999998,0.01769999999999977
2024-06-29,32.83,32.29475000000005,0.535249999999948,97.42,97.43839999999992,0.018399999999914485,20.11,19.874600000000026,0.23539999999997363,3.12,2.389999999999999,0.7300000000000013,0.39,0.4599000000000003,0.0699000000000003
2022-04-21,30.59,33.54034999999993,2.9503499999999327,98.29,98.14929999999995,0.14070000000005223,8.33,6.074149999999999,2.2558500000000015,2.33,2.2592000000000008,0.07079999999999931,0.11,0.11329999999999978,0.0032999999999997753
2020-03-14,16.97,19.789699999999993,2.819699999999994,99.1,98.98919999999977,0.11080000000022494,6.73,6.357649999999991,0.37235000000000973,1.48,1.4450500000000033,0.034949999999996706,0.44,0.42365000000000036,0.016349999999999643
2024-12-19,13.91,14.079349999999955,0.16934999999995526,99.11,99.10705000000003,0.002949999999970032,4.25,3.861049999999995,0.3889500000000048,1.22,1.277349999999999,0.057349999999999124,0.38,0.3800000000000002,2.220446049250313e-16
2024-09-27,26.73,27.67085,0.9408500000000011,98.03,98.27185000000007,0.2418500000000705,19.64,19.956249999999997,0.3162499999999966,2.77,1.5615999999999994,1.2084000000000006,0.77,0.7608000000000001,0.009199999999999875
2023-05-27,30.39,31.34595,0.9559499999999979,98.14,98.17445000000019,0.034450000000191494,13.27,11.985550000000012,1.2844499999999872,2.1,1.7097000000000029,0.3902999999999972,0.37,0.3255000000000001,0.04449999999999987
2022-04-09,33.91,31.875599999999913,2.0344000000000833,98.05,98.2435499999996,0.19354999999960398,4.81,4.709900000000004,0.10009999999999586,1.52,1.8105000000000038,0.29050000000000376,0.22,0.19905,0.020949999999999996
2023-01-17,8.98,12.89079999999999,3.9107999999999894,99.24,99.34680000000004,0.10680000000004952,2.77,5.259199999999987,2.4891999999999874,2.06,1.3723000000000016,0.6876999999999984,0.41,0.41469999999999985,0.004699999999999871
2022-03-30,30.09,29.92410000000005,0.16589999999995086,98.13,97.9943000000001,0.13569999999990046,6.03,5.654299999999991,0.375700000000009,1.22,2.36814999999999,1.1481499999999902,0.31,0.29555000000000037,0.01444999999999963
2024-03-21,21.9,24.808900000000005,2.9089000000000063,98.88,98.82480000000004,0.05519999999995662,4.55,4.505399999999991,0.044600000000008855,1.94,1.8880500000000018,0.051949999999998164,0.21,0.21904999999999955,0.009049999999999558
2022-06-26,35.37,33.52099999999998,1.849000000000018,97.56,97.71555000000001,0.15555000000000518,11.01,12.440000000000008,1.4300000000000086,2.38,2.10245,0.27754999999999974,0.28,0.3312500000000002,0.051250000000000184
2021-01-18,13.73,13.441700000000003,0.2882999999999978,99.17,99.04014999999993,0.12985000000007574,3.97,5.344049999999986,1.3740499999999858,1.65,1.6447000000000014,0.005299999999998528,0.36,0.3575999999999997,0.002400000000000291
2023-04-04,24.87,26.12019999999997,1.2501999999999676,98.44,98.40569999999988,0.03430000000011546,9.59,8.086749999999993,1.5032500000000066,2.24,1.9767,0.2633000000000003,0.39,0.40084999999999915,0.010849999999999138
2024-11-15,22.05,21.389449999999975,0.6605500000000255,98.98,99.01859999999981,0.03859999999980346,8.1,7.983650000000006,0.11634999999999351,1.58,1.3109500000000003,0.2690499999999998,0.44,0.4440499999999993,0.004049999999999276
2023-01-15,7.77,13.121749999999972,5.3517499999999725,99.12,99.21910000000014,0.09910000000013497,2.52,5.763249999999986,3.243249999999986,2.21,1.6874499999999995,0.5225500000000005,0.41,0.42430000000000123,0.014300000000001256
2025-08-12,29.18,28.948049999999988,0.23195000000001187,97.82,97.83769999999978,0.01769999999979177,21.54,21.469299999999933,0.07070000000006615,1.68,1.6662000000000006,0.013799999999999368,0.71,0.7278999999999993,0.01789999999999936
2021-09-29,26.67,27.73145000000001,1.0614500000000078,98.4,98.27040000000001,0.12959999999999638,19.01,18.930099999999992,0.07990000000000919,2.37,1.485199999999999,0.8848000000000011,0.69,0.696799999999999,0.006799999999999029
2024-11-20,18.65,18.889000000000006,0.23900000000000787,99.07,99.1214,0.051400000000001,5.78,6.570400000000011,0.7904000000000106,1.37,1.6330499999999961,0.263049999999996,0.43,0.4267500000000014,0.0032499999999985874
2023-07-08,29.26,30.53664999999995,1.2766499999999468,97.73,97.67375000000018,0.05624999999982094,21.75,20.506250000000033,1.2437499999999666,2.85,1.7617999999999987,1.0882000000000014,0.59,0.5162500000000004,0.07374999999999954
2020-08-19,29.98,29.00169999999995,0.9783000000000506,97.42,97.67549999999989,0.25549999999988415,23.16,21.303200000000015,1.8567999999999856,0.98,1.9724500000000031,0.9924500000000032,0.61,0.6271999999999994,0.017199999999999438
2024-03-22,24.74,24.922999999999988,0.18299999999998917,98.5,98.79499999999999,0.2949999999999875,5.24,4.457449999999995,0.782550000000005,1.65,1.9001999999999988,0.25019999999999887,0.21,0.20754999999999962,0.0024500000000003685
2023-05-06,29.67,29.23590000000005,0.4340999999999511,98.13,98.17550000000016,0.04550000000016041,10.06,9.64154999999999,0.41845000000001065,2.49,1.7448999999999972,0.745100000000003,0.34,0.3480500000000007,0.008050000000000668
2023-07-14,29.44,29.967349999999907,0.5273499999999061,97.77,97.6308,0.13920000000000243,21.28,20.75965000000001,0.5203499999999899,0.67,1.5131499999999993,0.8431499999999993,0.65,0.6311500000000002,0.01884999999999981
2024-03-16,20.45,22.891199999999998,2.4411999999999985,99.07,98.82194999999994,0.24805000000004895,3.82,5.45899999999999,1.63899999999999,1.44,2.1745999999999985,0.7345999999999986,0.27,0.2761500000000001,0.0061500000000001
2024-07-04,28.55,32.39054999999998,3.8405499999999826,97.51,97.27999999999993,0.23000000000007503,21.41,20.80730000000001,0.6026999999999916,2.66,1.8202499999999995,0.8397500000000007,0.52,0.4581000000000004,0.06189999999999962
2020-11-03,21.61,21.29485000000003,0.31514999999997073,98.96,98.94355000000003,0.01644999999996344,3.52,3.7106499999999887,0.19064999999998866,1.58,1.743550000000001,0.16355000000000097,0.18,0.18955000000000022,0.009550000000000225
2020-04-10,27.89,28.89760000000003,1.0076000000000285,98.71,98.74130000000027,0.031300000000271666,7.79,8.17454999999999,0.3845499999999893,2.15,2.224150000000005,0.07415000000000527,0.33,0.3207500000000001,0.009249999999999925
2021-03-08,25.16,23.817199999999985,1.3428000000000146,98.64,98.82799999999997,0.18799999999997397,4.64,4.475449999999995,0.16455000000000464,1.94,1.6287000000000023,0.3112999999999977,0.16,0.1730500000000003,0.013050000000000284
2020-08-21,28.19,28.210599999999932,0.020599999999930674,97.96,97.74684999999995,0.21315000000004147,19.66,21.29635000000002,1.6363500000000215,2.71,2.241550000000002,0.46844999999999803,0.61,0.6416999999999983,0.031699999999998285
2021-01-02,13.5,13.822400000000005,0.32240000000000535,99.2,99.36159999999991,0.1615999999999076,5.29,4.548200000000005,0.7417999999999951,1.49,1.1313499999999983,0.3586500000000017,0.3,0.2511999999999995,0.04880000000000051
2022-11-09,21.43,20.936850000000007,0.49314999999999287,99.16,99.06735000000002,0.0926499999999777,12.01,11.710450000000014,0.29954999999998577,0.94,1.4375499999999997,0.4975499999999997,0.63,0.6295999999999997,0.000400000000000289
2020-09-16,31.47,30.88605000000004,0.5839499999999589,97.93,97.94094999999999,0.01094999999997981,16.34,15.338050000000008,1.001949999999992,1.5,1.7765500000000034,0.2765500000000034,0.41,0.40909999999999863,0.0009000000000013442
2021-12-06,17.28,15.218100000000035,2.061899999999966,99.2,99.20489999999991,0.004899999999906868,8.67,5.8568500000000006,2.8131499999999994,1.63,1.6500500000000016,0.020050000000001678,0.5,0.4936999999999989,0.0063000000000010825
2024-11-25,17.93,18.616699999999984,0.6866999999999841,99.05,99.16475000000023,0.11475000000022817,6.5,5.992549999999997,0.5074500000000031,1.92,1.488049999999998,0.43195000000000183,0.41,0.42020000000000096,0.010200000000000986
2025-04-03,29.69,28.051699999999965,1.6383000000000365,98.67,98.53110000000007,0.13889999999993563,2.63,3.5482000000000022,0.9182000000000023,0.92,1.5824499999999992,0.6624499999999992,0.11,0.11399999999999971,0.003999999999999712
2022-09-17,29.02,27.504999999999967,1.5150000000000325,97.76,97.81235000000007,0.05235000000006096,17.21,18.023600000000044,0.8136000000000436,1.86,2.671999999999999,0.8119999999999987,0.43,0.46649999999999886,0.03649999999999887
2022-10-26,22.09,21.222599999999954,0.8674000000000461,98.84,98.7708500000001,0.06914999999990812,10.14,10.409899999999986,0.2698999999999856,1.16,1.6290999999999984,0.4690999999999985,0.69,0.6959500000000008,0.005950000000000899
2025-12-18,15.04,15.859399999999992,0.8193999999999928,99.36,99.23929999999999,0.12070000000001357,5.36,4.335700000000009,1.0242999999999913,1.5,1.7839999999999983,0.28399999999999825,0.33,0.33134999999999915,0.0013499999999991297
2023-01-19,11.7,13.219250000000015,1.5192500000000155,99.42,99.2102499999999,0.20975000000009913,3.57,5.096699999999995,1.526699999999995,0.98,1.2451000000000014,0.26510000000000145,0.41,0.4073999999999991,0.0026000000000008794
2021-09-28,27.09,27.471650000000064,0.38165000000006444,98.31,98.23465,0.07535000000000025,19.15,18.663050000000027,0.4869499999999718,2.16,1.3815500000000012,0.778449999999999,0.7,0.7054499999999986,0.005449999999998623
2023-06-05,32.41,31.62735000000007,0.7826499999999257,97.93,98.00239999999984,0.07239999999983127,11.08,10.530200000000022,0.5497999999999781,2.47,1.998999999999999,0.4710000000000012,0.31,0.3036,0.006400000000000017
2020-07-07,29.93,33.97920000000005,4.049200000000049,97.67,97.4555000000002,0.21449999999980207,18.86,17.538600000000024,1.3213999999999757,4.22,2.0643499999999966,2.155650000000003,0.44,0.3699000000000002,0.07009999999999983
2020-04-19,28.88,29.426650000000024,0.5466500000000245,98.36,98.27215000000012,0.0878499999998752,9.46,8.297549999999998,1.1624500000000033,2.26,2.190699999999999,0.06930000000000058,0.35,0.3095000000000002,0.04049999999999976
2020-12-19,12.7,11.456949999999997,1.243050000000002,99.41,99.30160000000011,0.10839999999988947,2.45,2.8845999999999936,0.43459999999999344,2.84,2.4423999999999952,0.3976000000000046,0.2,0.2130000000000004,0.0130000000000004
2024-04-15,29.51,30.766449999999995,1.2564499999999938,98.73,98.48684999999982,0.24315000000018472,9.85,8.098949999999988,1.7510500000000118,1.73,2.0790999999999964,0.3490999999999964,0.21,0.1592500000000001,0.05074999999999988
2021-08-05,28.87,28.613450000000107,0.25654999999989414,97.61,97.63555000000001,0.02555000000000973,21.41,20.968700000000034,0.4412999999999663,1.44,1.8625000000000043,0.4225000000000043,0.73,0.7419499999999993,0.01194999999999935
2025-11-19,18.32,17.80665000000002,0.5133499999999813,99.23,99.26784999999987,0.037849999999863826,6.63,5.566049999999995,1.0639500000000046,1.15,1.403800000000001,0.25380000000000114,0.45,0.4420500000000004,0.007949999999999624
2024-09-02,27.22,28.901999999999973,1.6819999999999737,98.2,98.05409999999996,0.1459000000000401,20.36,20.248049999999992,0.11195000000000732,1.99,1.6776499999999988,0.31235000000000124,0.6,0.6694499999999985,0.06944999999999857
2023-12-31,13.8,14.33085,0.5308499999999992,99.38,99.47874999999985,0.09874999999985334,4.78,5.470599999999995,0.6905999999999946,0.87,1.2119000000000006,0.34190000000000065,0.34,0.3401000000000017,0.00010000000000165432
2025-10-13,23.99,23.506350000000012,0.4836499999999866,98.81,98.71219999999995,0.09780000000004918,10.51,10.704749999999981,0.19474999999998133,0.87,1.1678999999999993,0.2978999999999993,0.65,0.6491500000000003,0.0008499999999996843
2025-05-21,36.9,34.57299999999996,2.327000000000041,97.67,97.68445000000003,0.014450000000024943,9.12,10.317350000000003,1.1973500000000037,2.91,2.5554499999999987,0.3545500000000015,0.19,0.27105000000000035,0.08105000000000034
2021-02-13,18.3,17.66914999999999,0.6308500000000095,99.03,98.97054999999983,0.05945000000016876,4.5,5.188600000000005,0.6886000000000054,1.26,2.002650000000001,0.7426500000000009,0.34,0.3384500000000012,0.00154999999999883
2020-03-11,19.97,19.27994999999999,0.69005000000001,98.56,98.96349999999985,0.40349999999985187,9.26,6.534000000000005,2.7259999999999946,2.35,1.7723499999999999,0.5776500000000002,0.42,0.4214000000000007,0.001400000000000734
2021-09-02,26.57,27.353950000000037,0.7839500000000363,98.05,98.17309999999999,0.12309999999999377,19.94,19.887499999999946,0.05250000000005528,1.51,1.3878000000000006,0.12219999999999942,0.76,0.7617500000000007,0.0017500000000006954
2021-02-10,19.2,16.874750000000034,2.325249999999965,98.88,99.03609999999973,0.15609999999973923,4.94,4.918899999999998,0.02110000000000234,1.08,1.5975500000000022,0.5175500000000022,0.34,0.3401000000000017,0.00010000000000165432
2020-07-03,36.94,34.7821999999999,2.157800000000101,97.29,97.38010000000018,0.09010000000017726,17.84,17.37215000000006,0.46784999999993815,2.14,1.8485000000000007,0.2914999999999994,0.33,0.3349500000000005,0.0049500000000005095
2022-08-31,32.82,31.03339999999996,1.786600000000039,98.03,98.24419999999995,0.21419999999994843,17.52,17.76384999999998,0.24384999999998058,1.84,1.7150499999999993,0.12495000000000078,0.37,0.41255000000000075,0.042550000000000754
2023-10-02,25.44,25.336150000000035,0.1038499999999658,98.31,98.26469999999998,0.045300000000025875,10.96,12.659049999999977,1.6990499999999766,2.13,1.8256500000000018,0.3043499999999981,0.49,0.48885000000000006,0.0011499999999999289
2022-12-09,16.09,15.442349999999994,0.6476500000000058,99.03,99.13175000000008,0.10175000000008083,6.27,5.831099999999997,0.43890000000000295,1.6,1.787400000000001,0.1874000000000009,0.48,0.48394999999999966,0.003949999999999676
2025-10-03,26.46,26.4972,0.03719999999999857,98.61,98.21309999999995,0.3969000000000449,18.16,16.695200000000003,1.4647999999999968,1.2,1.5036999999999991,0.3036999999999992,0.68,0.689749999999999,0.009749999999998926
2025-07-15,29.0,28.863050000000047,0.1369499999999526,97.46,97.61674999999975,0.1567499999997608,20.79,19.957300000000025,0.8326999999999742,5.17,2.9508000000000014,2.2191999999999985,0.51,0.5345500000000003,0.024550000000000294
2020-10-24,24.87,24.181300000000043,0.6886999999999581,98.42,98.56204999999999,0.14204999999998336,5.0,6.15585,1.15585,1.74,1.394849999999999,0.34515000000000096,0.26,0.2793000000000005,0.019300000000000483
2025-06-17,32.52,33.06535000000007,0.5453500000000702,97.56,97.4486000000001,0.1113999999999038,18.06,17.43094999999996,0.6290500000000385,2.14,2.600549999999993,0.4605499999999929,0.34,0.3911000000000002,0.0511000000000002
2020-10-08,27.6,27.649600000000017,0.049600000000015854,98.53,98.3424999999998,0.18750000000019895,7.51,7.546000000000013,0.03600000000001291,1.71,1.9605500000000036,0.2505500000000036,0.33,0.3304499999999988,0.0004499999999987847
2022-09-26,26.52,27.416650000000008,0.8966500000000082,98.41,98.18895000000015,0.22104999999984898,18.35,17.847950000000036,0.502049999999965,1.64,1.633350000000001,0.0066499999999989345,0.72,0.7320500000000003,0.012050000000000338
2020-03-08,18.14,18.89945,0.7594500000000011,99.2,98.92314999999999,0.27685000000001025,6.97,8.029750000000025,1.059750000000025,1.67,1.7257000000000011,0.05570000000000119,0.43,0.43414999999999976,0.004149999999999765
2021-04-30,34.66,33.98245000000002,0.6775499999999752,98.23,98.29750000000031,0.06750000000030809,5.55,6.329199999999995,0.779199999999995,1.11,2.083399999999996,0.973399999999996,0.12,0.1252000000000001,0.0052000000000000934
2024-12-09,13.93,14.755199999999977,0.8251999999999775,99.04,99.05894999999997,0.018949999999961165,5.87,4.186699999999999,1.683300000000001,1.49,2.3663999999999943,0.8763999999999943,0.39,0.38835000000000036,0.0016499999999996517
2024-01-20,12.29,12.242399999999975,0.04760000000002407,99.42,99.34510000000013,0.07489999999987162,4.29,4.247200000000009,0.042799999999990845,0.93,1.3906499999999982,0.4606499999999981,0.32,0.32295,0.002950000000000008
2024-06-27,32.06,35.031050000000086,2.9710500000000835,97.69,97.48959999999988,0.2004000000001156,21.25,17.90604999999999,3.34395000000001,2.18,2.3414500000000027,0.16145000000000254,0.5,0.3874500000000001,0.11254999999999987
2025-10-11,22.94,22.69160000000004,0.2483999999999611,98.75,98.69810000000007,0.051899999999932334,10.8,12.037400000000023,1.2374000000000223,0.92,1.3844500000000002,0.46445000000000014,0.67,0.6638999999999986,0.006100000000001438
2021-03-26,24.78,25.567300000000003,0.7873000000000019,98.69,98.73419999999996,0.04419999999996094,5.25,5.097199999999983,0.15280000000001692,2.58,2.6543500000000004,0.07435000000000036,0.13,0.13144999999999996,0.0014499999999999513
2024-06-30,33.33,31.788100000000014,1.541899999999984,97.33,97.43039999999992,0.10039999999992233,20.55,20.092499999999983,0.45750000000001734,2.39,2.382149999999997,0.007850000000003021,0.44,0.4966999999999991,0.056699999999999084
2022-02-11,12.24,15.017499999999979,2.7774999999999785,99.14,98.9907999999999,0.14920000000010702,5.47,6.203199999999993,0.733199999999993,2.66,1.5217999999999992,1.138200000000001,0.52,0.5269500000000008,0.006950000000000789
2020-10-30,22.44,22.22249999999998,0.21750000000002245,98.91,98.93574999999993,0.025749999999931106,4.44,4.211449999999998,0.22855000000000203,1.85,1.842950000000001,0.0070499999999991125,0.21,0.21954999999999977,0.009549999999999781
2021-08-11,29.0,29.37105000000007,0.3710500000000714,97.75,97.73894999999989,0.011050000000111027,19.48,21.155550000000044,1.6755500000000438,2.46,2.2438,0.21620000000000017,0.72,0.7322500000000005,0.012250000000000538
2022-09-21,28.74,28.976050000000033,0.2360500000000343,98.12,98.07145000000018,0.048549999999821125,19.51,19.46885000000008,0.041149999999920084,1.44,1.5707999999999986,0.1307999999999987,0.55,0.5828500000000006,0.0328500000000006
2021-02-14,19.38,17.828149999999983,1.551850000000016,98.99,98.9341499999999,0.05585000000009188,4.33,5.059800000000004,0.7298000000000036,1.23,1.4853999999999987,0.25539999999999874,0.33,0.3362000000000005,0.006200000000000483
2020-07-15,34.56,34.47325,0.0867500000000021,97.61,97.5328500000001,0.07714999999990368,17.15,17.099899999999952,0.05010000000004666,2.68,2.2798000000000007,0.40019999999999945,0.33,0.3392999999999995,0.009299999999999475
2024-12-14,11.82,13.11380000000002,1.2938000000000205,99.28,99.27624999999983,0.0037500000001671197,3.04,3.952000000000004,0.9120000000000039,2.56,1.8112000000000006,0.7487999999999995,0.38,0.38020000000000026,0.00020000000000025553
2025-05-19,35.48,34.88664999999994,0.5933500000000578,97.8,97.69184999999996,0.1081500000000375,8.27,10.099949999999998,1.8299499999999984,2.3,2.809450000000001,0.5094500000000011,0.22,0.26160000000000033,0.04160000000000033
2024-07-28,31.95,30.396350000000037,1.553649999999962,97.42,97.35000000000005,0.06999999999995055,21.73,22.328400000000002,0.5984000000000016,2.11,1.4018499999999978,0.7081500000000021,0.53,0.5730499999999996,0.04304999999999959
2025-06-23,34.15,34.02010000000012,0.12989999999987845,97.29,97.4169,0.12689999999999202,17.77,16.96085000000006,0.8091499999999385,2.09,1.9491000000000027,0.14089999999999714,0.35,0.33220000000000094,0.01779999999999904
2023-11-06,22.99,22.71940000000001,0.2705999999999875,99.15,98.97559999999997,0.17440000000003408,6.75,8.073450000000015,1.3234500000000153,1.05,1.1782500000000002,0.1282500000000002,0.37,0.37369999999999964,0.003699999999999648
2023-10-13,26.34,24.175499999999964,2.164500000000036,98.83,98.68789999999996,0.14210000000004186,10.21,12.229100000000011,2.0191000000000106,1.32,1.4889499999999996,0.1689499999999995,0.42,0.4298000000000006,0.009800000000000642
2020-06-17,36.2,36.73270000000007,0.5327000000000695,97.24,97.3257000000002,0.08570000000020173,10.74,11.852699999999976,1.1126999999999754,1.76,1.595199999999999,0.16480000000000095,0.24,0.2561999999999996,0.016199999999999604
2023-06-15,35.85,37.093449999999905,1.2434499999999034,97.6,97.41750000000002,0.18249999999997613,14.09,13.778000000000015,0.3119999999999852,4.89,4.251399999999998,0.638600000000002,0.18,0.19240000000000004,0.01240000000000005
2022-05-24,28.68,32.8259,4.1458999999999975,98.05,97.83595000000025,0.2140499999997445,13.17,10.407600000000018,2.7623999999999818,2.4,2.5108500000000005,0.11085000000000056,0.42,0.2849999999999993,0.13500000000000068
2020-07-30,29.33,32.51654999999993,3.186549999999933,97.88,97.58255000000004,0.29744999999995514,20.89,20.270799999999987,0.6192000000000135,1.25,2.2562500000000005,1.0062500000000005,0.57,0.48514999999999875,0.0848500000000012
2025-12-10,16.56,16.336800000000007,0.2231999999999914,99.27,99.25384999999997,0.016150000000024534,3.86,3.7543500000000103,0.10564999999998959,1.9,2.3663499999999953,0.4663499999999954,0.31,0.3118500000000008,0.0018500000000007955
2025-01-28,14.52,13.484699999999982,1.0353000000000172,98.83,98.9185000000001,0.08850000000009572,2.86,3.239599999999997,0.3795999999999973,1.6,1.9423000000000028,0.3423000000000027,0.36,0.3562499999999996,0.003750000000000364
2025-06-22,34.88,34.06530000000008,0.8146999999999238,97.48,97.50809999999996,0.028099999999952274,17.27,16.971100000000014,0.2988999999999855,1.36,2.150700000000006,0.7907000000000057,0.32,0.3292499999999997,0.009249999999999703
2020-11-02,21.0,21.28715000000002,0.2871500000000182,99.03,98.94575000000007,0.08424999999992622,3.7,3.7101499999999885,0.010149999999988335,2.17,2.0940499999999997,0.07595000000000018,0.19,0.19130000000000028,0.0013000000000002732
2024-06-06,37.27,38.02270000000011,0.7527000000001038,98.01,97.79514999999988,0.21485000000012633,8.81,8.80535000000002,0.004649999999980281,2.31,2.520400000000001,0.2104000000000008,0.18,0.13505000000000034,0.04494999999999966
2023-08-11,29.61,29.33589999999999,0.2741000000000078,97.96,97.77314999999992,0.1868500000000779,21.07,21.20964999999999,0.13964999999998895,1.71,2.630700000000001,0.920700000000001,0.67,0.6828499999999985,0.012849999999998474
2025-02-14,17.23,17.556600000000007,0.3266000000000062,98.83,98.9183499999999,0.088349999999906,3.27,4.148400000000004,0.8784000000000041,3.02,2.0702000000000016,0.9497999999999984,0.33,0.33244999999999947,0.0024499999999994526
2021-01-17,10.94,11.449300000000012,0.5093000000000121,99.07,98.99660000000011,0.07339999999987867,3.83,3.6000499999999973,0.22995000000000276,1.57,1.5728499999999992,0.002849999999999131,0.36,0.35974999999999957,0.00025000000000041656
2022-09-01,33.06,32.35689999999994,0.7031000000000631,98.03,98.1494499999999,0.11944999999990102,18.03,17.145500000000037,0.8844999999999636,1.45,1.6684500000000013,0.21845000000000137,0.36,0.38805000000000006,0.028050000000000075
2025-04-15,30.98,30.959450000000018,0.020549999999982305,98.45,98.3922999999998,0.05770000000019593,7.86,7.537099999999998,0.3229000000000024,2.25,2.0391999999999966,0.21080000000000343,0.17,0.17134999999999984,0.0013499999999998236
2021-11-26,17.1,15.920999999999998,1.1790000000000038,99.03,99.13894999999981,0.10894999999980826,6.71,6.994099999999991,0.2840999999999907,0.91,1.7111500000000013,0.8011500000000013,0.53,0.5315000000000009,0.001500000000000834
2020-05-15,33.41,33.165250000000036,0.24474999999996072,98.1,98.05690000000004,0.04309999999995284,10.5,8.737649999999986,1.7623500000000138,3.31,2.275299999999997,1.034700000000003,0.26,0.2569999999999999,0.0030000000000001137
2022-12-11,16.66,15.638849999999973,1.021150000000027,99.08,99.08999999999978,0.009999999999777742,6.95,6.072300000000006,0.8776999999999946,1.99,1.896550000000002,0.09344999999999803,0.47,0.47875000000000023,0.008750000000000258
2022-10-15,23.33,24.009700000000013,0.6797000000000146,98.68,98.71525000000005,0.03525000000004752,12.7,12.469350000000015,0.2306499999999847,1.1,1.2249999999999996,0.12499999999999956,0.75,0.7557000000000005,0.0057000000000004825
2025-06-13,37.99,37.27915000000014,0.7108499999998585,97.61,97.54934999999998,0.06065000000002385,13.49,11.739349999999995,1.7506500000000056,2.62,2.293050000000001,0.3269499999999992,0.21,0.2262500000000003,0.01625000000000032
2024-02-10,15.69,16.364100000000022,0.6741000000000223,99.66,99.4278499999999,0.23215000000008956,3.52,3.828649999999998,0.30864999999999787,0.83,1.590999999999999,0.7609999999999991,0.34,0.34005000000000174,5.000000000171534e-05
2022-04-11,34.06,33.085350000000005,0.9746499999999969,97.93,98.04709999999986,0.11709999999985143,4.79,4.816449999999994,0.02644999999999431,1.76,2.1573500000000014,0.3973500000000014,0.19,0.1728999999999999,0.017100000000000115
2024-01-31,16.08,15.355249999999979,0.7247500000000198,99.13,99.24794999999978,0.11794999999978018,5.47,4.690700000000008,0.7792999999999921,1.18,1.6764499999999982,0.4964499999999983,0.29,0.2877000000000002,0.002299999999999802
2023-02-12,15.02,16.680500000000013,1.6605000000000132,99.25,98.9140999999999,0.3359000000000947,3.49,5.3960999999999935,1.9060999999999932,2.94,2.0122499999999994,0.9277500000000005,0.38,0.3786,0.0014000000000000123
2024-09-28,26.14,27.66569999999998,1.5256999999999792,98.17,98.28630000000022,0.11630000000022278,19.54,19.471750000000007,0.06824999999999193,2.25,1.3874499999999999,0.8625500000000001,0.76,0.7524000000000002,0.007599999999999829
2020-10-02,28.83,28.28419999999993,0.5458000000000673,98.12,98.15174999999985,0.03174999999984607,9.14,9.146500000000007,0.0065000000000061675,1.59,2.1020000000000074,0.5120000000000073,0.35,0.3474000000000009,0.002599999999999103
2022-03-09,21.67,21.243600000000026,0.42639999999997613,98.85,98.95804999999982,0.10804999999982101,6.88,7.092049999999995,0.2120499999999952,2.21,1.8713000000000009,0.3386999999999991,0.39,0.39290000000000025,0.0029000000000002357
2020-05-08,32.75,31.237299999999934,1.5127000000000663,98.15,98.28520000000013,0.13520000000012544,9.65,10.502300000000014,0.8523000000000138,1.62,1.8829500000000008,0.2629500000000007,0.3,0.33279999999999993,0.03279999999999994
2023-04-11,27.73,28.511400000000016,0.7814000000000156,98.68,98.64435000000002,0.035649999999989745,6.59,6.451200000000005,0.13879999999999448,2.6,2.329450000000004,0.27054999999999607,0.34,0.33785000000000087,0.0021499999999991526
2022-02-06,13.08,12.577350000000017,0.5026499999999832,99.15,98.89985000000017,0.25014999999983445,5.27,6.152950000000012,0.8829500000000126,1.24,1.8052500000000011,0.5652500000000011,0.51,0.5194499999999999,0.009449999999999847
2024-12-29,14.42,15.484249999999998,1.0642499999999977,99.48,99.42809999999994,0.05190000000006023,7.25,6.811149999999987,0.43885000000001284,2.52,1.1483499999999995,1.3716500000000005,0.4,0.3975999999999989,0.0024000000000011235
2023-04-26,29.53,28.140850000000047,1.3891499999999546,98.38,98.35895000000009,0.02104999999990298,7.94,7.783150000000006,0.15684999999999416,0.87,2.178850000000003,1.3088500000000027,0.3,0.30584999999999923,0.005849999999999245
2021-06-19,29.99,31.551450000000028,1.561450000000029,97.63,97.57985000000004,0.050149999999959505,16.47,16.397950000000016,0.07204999999998307,1.61,1.9609999999999983,0.3509999999999982,0.46,0.4352500000000012,0.02474999999999883
2020-02-21,17.18,18.47764999999997,1.2976499999999689,99.22,99.0244,0.19559999999999889,7.94,5.796199999999999,2.1438000000000015,3.3,2.23235,1.06765,0.45,0.3586000000000002,0.09139999999999981
2021-04-16,32.81,32.059250000000084,0.7507499999999183,98.19,98.33949999999997,0.14949999999997488,5.74,5.423399999999999,0.3166000000000011,1.86,2.009000000000002,0.14900000000000202,0.08,0.10869999999999967,0.02869999999999967
2020-10-26,24.34,22.760250000000074,1.579749999999926,98.77,98.79915000000022,0.029150000000228715,4.73,4.621049999999994,0.10895000000000632,1.67,1.7448999999999972,0.0748999999999973,0.24,0.23194999999999935,0.00805000000000064
2024-01-04,11.26,11.58650000000001,0.32650000000001,99.32,99.33235000000006,0.012350000000068917,4.98,5.354499999999989,0.37449999999998873,1.0,1.2003500000000018,0.2003500000000018,0.34,0.3501500000000015,0.010150000000001491
2020-12-27,15.72,14.132899999999957,1.587100000000044,98.9,99.22139999999983,0.3213999999998265,3.75,3.9523999999999977,0.2023999999999977,1.56,2.0676,0.5076,0.17,0.1790999999999999,0.009099999999999886
2025-05-17,35.78,35.245499999999936,0.5345000000000653,97.76,97.94430000000015,0.18430000000014957,9.7,9.792349999999994,0.09234999999999438,2.56,2.0328000000000017,0.5271999999999983,0.26,0.2716,0.0116
2022-07-14,34.35,33.30404999999999,1.045950000000012,97.37,97.47230000000002,0.10230000000001382,17.55,18.465049999999994,0.9150499999999937,3.37,2.0870499999999987,1.2829500000000014,0.35,0.4120500000000004,0.06205000000000044
2025-03-22,24.69,25.03149999999998,0.3414999999999786,98.84,98.90954999999981,0.06954999999980771,4.03,4.510099999999992,0.4800999999999913,1.81,2.2014,0.39139999999999997,0.18,0.18705000000000033,0.007050000000000334
2025-12-06,15.48,15.368150000000005,0.11184999999999512,99.4,99.44500000000028,0.04500000000027171,3.76,3.9247499999999946,0.16474999999999485,2.31,2.017049999999998,0.29295000000000204,0.33,0.3279499999999992,0.002050000000000829
2024-07-30,32.47,30.687750000000047,1.7822499999999515,97.54,97.43095000000002,0.1090499999999821,22.07,22.07645000000001,0.00645000000000806,2.03,2.0636500000000044,0.03365000000000462,0.51,0.5937,0.0837
2021-05-29,31.87,32.31390000000012,0.44390000000011653,97.94,97.70744999999994,0.2325500000000602,15.07,10.792500000000013,4.277499999999987,3.65,2.4136999999999955,1.2363000000000044,0.38,0.38070000000000026,0.000700000000000256
2023-05-11,30.73,31.41475000000003,0.6847500000000295,98.23,98.09934999999989,0.1306500000001165,5.6,8.106800000000012,2.5068000000000126,1.42,1.7865000000000024,0.3665000000000025,0.32,0.3259999999999998,0.005999999999999783
2023-07-26,30.28,30.265500000000046,0.014499999999955548,97.95,97.78500000000022,0.16499999999977888,21.85,22.310300000000005,0.4603000000000037,1.13,1.3891000000000013,0.25910000000000144,0.71,0.6445499999999987,0.06545000000000123
2022-03-18,27.38,26.48500000000003,0.8949999999999676,98.35,98.31684999999977,0.03315000000021939,10.74,8.74270000000001,1.9972999999999903,1.7,1.5548999999999993,0.14510000000000067,0.36,0.3571999999999999,0.00280000000000008
2025-07-11,30.23,29.60325,0.6267500000000013,97.78,97.72094999999999,0.05905000000001337,19.31,20.334399999999988,1.0243999999999893,1.15,1.7511500000000009,0.601150000000001,0.51,0.5406999999999988,0.03069999999999884
2021-06-22,33.93,33.51019999999997,0.4198000000000306,97.7,97.71439999999978,0.014399999999781699,13.85,14.491050000000024,0.6410500000000248,1.97,1.6077000000000041,0.36229999999999585,0.39,0.39040000000000014,0.0004000000000001225
2024-08-21,29.34,29.22284999999999,0.11715000000000941,98.06,97.88540000000008,0.17459999999992704,21.23,21.623999999999988,0.3939999999999877,1.41,1.3615999999999988,0.04840000000000111,0.67,0.6648500000000014,0.005149999999998656
2023-04-05,24.94,25.909399999999994,0.9693999999999932,98.56,98.53194999999992,0.028050000000078512,7.67,6.978150000000007,0.6918499999999925,2.25,2.1618500000000025,0.08814999999999751,0.37,0.37254999999999944,0.0025499999999994416
2023-10-14,27.22,23.990449999999978,3.229550000000021,98.76,98.70410000000004,0.055899999999965644,10.76,12.101450000000025,1.341450000000025,1.28,1.4117999999999995,0.13179999999999947,0.41,0.42079999999999906,0.010799999999999088
2023-06-24,33.25,34.69009999999994,1.440099999999937,97.57,97.64554999999987,0.07554999999987899,19.85,17.054300000000033,2.795699999999968,2.04,1.8378999999999979,0.20210000000000217,0.42,0.3511500000000011,0.06884999999999891
2024-05-27,39.37,39.322299999999856,0.047700000000141074,97.08,97.42104999999998,0.3410499999999814,6.56,6.723300000000006,0.16330000000000666,2.17,2.091500000000007,0.07849999999999291,0.08,0.08270000000000001,0.002700000000000008
2024-01-11,10.61,11.751900000000012,1.1419000000000121,99.4,99.35390000000005,0.046099999999952956,4.0,4.2331499999999975,0.23314999999999753,1.97,2.056800000000003,0.0868000000000031,0.34,0.33800000000000113,0.0019999999999988916
2025-05-05,29.2,31.071699999999954,1.8716999999999544,98.19,98.04404999999976,0.14595000000024072,11.9,11.131200000000005,0.7687999999999953,2.62,2.4017499999999963,0.21825000000000383,0.41,0.34475000000000056,0.06524999999999942
2024-08-26,28.34,28.318950000000005,0.02104999999999535,97.81,97.88544999999989,0.07544999999988988,20.7,20.86505000000001,0.16505000000001147,3.09,2.4867000000000004,0.6032999999999995,0.63,0.6247000000000014,0.005299999999998639
2020-09-04,29.77,29.25219999999997,0.5178000000000296,98.2,98.15535000000004,0.044649999999961665,20.09,19.94160000000003,0.14839999999997033,1.69,1.5706500000000005,0.1193499999999994,0.49,0.49845,0.008450000000000013
2023-07-22,30.22,30.966949999999997,0.7469499999999982,98.01,97.79390000000016,0.21609999999984097,21.7,21.886800000000026,0.1868000000000265,3.0,1.8258500000000026,1.1741499999999974,0.63,0.6171500000000005,0.012849999999999473
2020-11-17,19.19,19.28764999999995,0.09764999999994828,99.04,99.08789999999982,0.04789999999981376,7.55,7.9853999999999665,0.4353999999999667,2.05,1.759449999999996,0.29055000000000386,0.32,0.31950000000000073,0.0004999999999992788
2021-07-25,31.31,30.15130000000006,1.1586999999999392,97.4,97.5725499999998,0.17254999999978793,22.49,21.97424999999998,0.5157500000000184,1.14,1.654650000000003,0.5146500000000032,0.63,0.6461500000000003,0.01615000000000033
2024-10-20,25.16,24.982550000000007,0.17744999999999322,98.75,98.7865999999999,0.036599999999893384,13.01,12.339149999999997,0.6708500000000033,0.89,1.2388,0.3487999999999999,0.59,0.6004499999999979,0.010449999999997961
2023-12-15,16.05,13.93505000000004,2.1149499999999612,99.37,99.23169999999996,0.1383000000000436,4.78,4.5647499999999885,0.2152500000000117,1.15,1.8133999999999997,0.6633999999999998,0.35,0.3500000000000004,4.440892098500626e-16
2021-04-25,28.9,30.617850000000043,1.7178500000000447,98.52,98.29320000000014,0.22679999999985512,3.83,5.088149999999988,1.2581499999999881,2.92,2.4077500000000045,0.5122499999999954,0.15,0.13885000000000033,0.01114999999999966
2023-09-14,29.45,28.58800000000003,0.8619999999999699,97.99,97.95520000000008,0.034799999999918896,21.94,20.863499999999963,1.0765000000000384,1.26,2.4136000000000077,1.1536000000000077,0.65,0.6451000000000007,0.004899999999999349
2022-11-24,16.42,16.677099999999957,0.25709999999995503,98.98,99.07140000000018,0.09140000000017778,5.93,6.17424999999999,0.2442499999999903,1.82,1.4508000000000008,0.3691999999999993,0.54,0.5419500000000014,0.0019500000000013396
2023-08-29,29.29,28.827800000000003,0.4621999999999957,97.94,98.10429999999995,0.1642999999999546,19.46,19.574150000000028,0.11415000000002706,1.94,1.4337999999999986,0.5062000000000013,0.61,0.5995499999999995,0.010450000000000514
2022-01-11,10.31,11.290200000000032,0.9802000000000319,99.32,99.26030000000006,0.05969999999993547,5.79,6.483849999999995,0.693849999999995,1.53,1.7859000000000012,0.2559000000000011,0.54,0.5625500000000012,0.02255000000000118
2024-06-14,39.82,39.275699999999844,0.5443000000001561,97.41,97.44929999999988,0.03929999999988354,10.05,10.636,0.5859999999999985,5.51,4.152100000000005,1.3578999999999946,0.12,0.11364999999999986,0.006350000000000133
2022-10-01,26.85,26.15540000000002,0.6945999999999799,98.14,98.26589999999996,0.12589999999995882,16.65,16.55750000000001,0.09249999999998693,1.34,1.4292000000000005,0.08920000000000039,0.67,0.6563499999999993,0.013650000000000717
2021-05-09,33.1,32.36494999999996,0.7350500000000437,98.12,98.32120000000006,0.2012000000000569,7.99,8.267399999999995,0.27739999999999476,1.59,1.5180499999999992,0.07195000000000085,0.22,0.24255000000000002,0.022550000000000014
2024-01-26,14.99,13.271799999999986,1.7182000000000137,99.66,99.48674999999986,0.17325000000013802,3.82,3.6483500000000038,0.17164999999999608,0.81,1.8900000000000023,1.0800000000000023,0.3,0.3047999999999994,0.004799999999999416
2023-11-14,19.23,19.86909999999996,0.63909999999996,99.3,99.33109999999989,0.031099999999895545,6.76,7.995,1.2350000000000003,1.37,1.2998500000000002,0.07014999999999993,0.37,0.37114999999999965,0.0011499999999996513
2024-06-02,38.73,37.97505000000004,0.7549499999999583,97.77,97.69769999999997,0.0723000000000269,8.82,7.268350000000015,1.5516499999999853,2.06,2.661799999999997,0.6017999999999968,0.07,0.08615000000000018,0.016150000000000178
2020-04-30,31.94,30.59154999999995,1.348450000000053,98.35,98.48555000000016,0.13555000000016548,11.54,10.834500000000016,0.7054999999999829,1.17,1.8669499999999988,0.6969499999999988,0.31,0.3235000000000002,0.013500000000000179
2024-10-31,25.63,24.15304999999998,1.47695000000002,98.66,98.7345999999999,0.0745999999999043,11.93,12.271150000000027,0.3411500000000274,1.77,1.2686500000000025,0.5013499999999975,0.5,0.5281000000000003,0.028100000000000347
2021-04-06,30.92,29.29295000000007,1.627049999999933,98.19,98.40405000000015,0.21405000000015661,3.43,3.552050000000012,0.12205000000001176,1.36,2.065849999999999,0.7058499999999988,0.1,0.10295000000000007,0.0029500000000000637
2021-10-12,25.73,25.41300000000001,0.3169999999999895,98.24,98.19835,0.04164999999998997,13.44,13.389350000000027,0.05064999999997255,1.16,1.2480500000000028,0.08805000000000285,0.6,0.6069499999999994,0.006949999999999457
2020-02-26,18.91,18.631599999999967,0.2784000000000333,99.07,99.02229999999984,0.04770000000014818,7.36,7.379349999999989,0.019349999999988654,1.5,1.9181500000000025,0.41815000000000246,0.36,0.36034999999999956,0.0003499999999995729
2025-12-12,17.13,16.558300000000028,0.5716999999999715,99.1,99.2004499999998,0.1004499999998103,4.12,4.058700000000008,0.06129999999999214,1.1,1.4668000000000025,0.36680000000000246,0.32,0.31725000000000037,0.0027499999999996416
2021-11-17,16.69,16.429450000000035,0.26054999999996653,99.11,98.89094999999983,0.21905000000016628,6.38,6.931400000000018,0.5514000000000179,0.99,1.4966499999999967,0.5066499999999967,0.57,0.5813999999999993,0.0113999999999993
2022-01-12,10.62,11.755549999999998,1.1355499999999985,99.27,99.19454999999984,0.07545000000015989,6.04,6.669649999999987,0.6296499999999874,1.34,1.431900000000002,0.09190000000000187,0.54,0.538250000000001,0.0017499999999990301
2021-10-09,25.68,26.068900000000017,0.38890000000001734,98.18,98.21604999999995,0.03604999999994618,13.39,15.605750000000015,2.215750000000014,1.55,2.4518499999999976,0.9018499999999976,0.62,0.6295999999999993,0.009599999999999276
2025-08-01,29.74,29.466200000000057,0.273799999999941,97.61,97.5935999999999,0.016400000000103887,21.68,21.558750000000014,0.12124999999998565,1.16,2.1565500000000033,0.9965500000000034,0.58,0.6300499999999986,0.050049999999998596
2023-03-11,24.21,23.284199999999963,0.9258000000000379,99.08,99.05269999999994,0.027300000000053615,5.44,6.351950000000003,0.9119500000000027,1.27,1.447400000000001,0.1774000000000009,0.32,0.32475000000000004,0.004750000000000032
2024-09-14,27.08,27.93539999999999,0.8553999999999924,97.9,97.83370000000018,0.06629999999982772,19.59,20.171500000000023,0.5815000000000232,2.61,2.2627000000000015,0.3472999999999984,0.83,0.8205000000000018,0.009499999999998177
2024-08-08,28.22,28.207250000000013,0.012749999999986272,97.77,97.79200000000003,0.022000000000033992,21.64,21.35845000000004,0.2815499999999602,2.6,2.051849999999998,0.5481500000000019,0.65,0.6805500000000005,0.03055000000000052
2025-03-17,23.08,23.94890000000006,0.8689000000000604,98.83,98.82599999999978,0.004000000000218051,6.28,5.602699999999986,0.677300000000014,1.99,2.015749999999995,0.025749999999994833,0.24,0.2445999999999995,0.004599999999999521
2022-09-13,31.07,30.408749999999994,0.6612500000000061,97.89,97.82629999999992,0.06370000000008247,16.76,17.443349999999956,0.6833499999999546,3.28,1.960400000000007,1.3195999999999928,0.36,0.3784999999999995,0.018499999999999517
2025-03-13,27.48,25.279749999999968,2.2002500000000325,98.29,98.64049999999996,0.35049999999995407,8.22,6.814549999999981,1.4054500000000196,1.25,1.9137000000000064,0.6637000000000064,0.26,0.2811500000000007,0.02115000000000067
2020-10-16,26.93,26.422149999999977,0.5078500000000226,98.34,98.30635000000015,0.0336499999998523,6.95,8.546750000000017,1.596750000000017,1.66,1.6455499999999972,0.014450000000002738,0.31,0.3183500000000001,0.00835000000000008
2022-09-27,26.55,27.151700000000023,0.6017000000000223,98.28,98.21970000000003,0.0602999999999696,17.61,17.67440000000004,0.06440000000004176,1.55,1.4318,0.11820000000000008,0.71,0.7044000000000001,0.005599999999999827
2023-12-19,13.17,13.924549999999986,0.7545499999999858,99.5,99.34669999999981,0.1533000000001863,4.07,4.5521499999999895,0.4821499999999892,2.63,1.840849999999996,0.7891500000000038,0.35,0.34930000000000044,0.0006999999999995343
2024-12-26,16.27,15.434200000000008,0.8357999999999919,99.58,99.37265000000006,0.2073499999999342,5.78,6.852249999999991,1.0722499999999906,0.88,1.4730499999999989,0.5930499999999989,0.37,0.38659999999999983,0.016599999999999837
2025-05-31,34.29,33.93675000000007,0.3532499999999317,97.4,97.37844999999996,0.021550000000047476,10.57,12.874099999999997,2.3040999999999965,1.33,1.964599999999997,0.6345999999999969,0.31,0.32365000000000016,0.013650000000000162
2025-01-25,13.83,14.276700000000012,0.4467000000000123,99.04,99.09370000000014,0.053700000000134196,3.2,3.9344000000000054,0.7344000000000053,2.69,1.893500000000001,0.7964999999999989,0.36,0.3545999999999994,0.005400000000000571
2023-03-07,23.2,22.510650000000027,0.6893499999999726,99.1,99.08355000000007,0.016449999999920806,5.57,6.093150000000004,0.5231500000000038,1.5,1.590150000000001,0.09015000000000106,0.33,0.3307999999999989,0.0007999999999988572
2022-09-06,32.52,32.46500000000005,0.05499999999994998,98.13,98.10669999999993,0.023300000000062937,15.49,16.022100000000037,0.5321000000000371,1.35,1.525150000000001,0.1751500000000008,0.34,0.347750000000001,0.007750000000000978
2022-03-28,29.29,29.08480000000005,0.2051999999999481,98.32,98.32925000000003,0.009250000000037062,5.08,5.43404999999999,0.3540499999999902,1.42,2.045999999999999,0.625999999999999,0.32,0.3055000000000002,0.01449999999999979
2025-12-19,15.7,15.956150000000006,0.256150000000007,99.11,99.12530000000007,0.01530000000006737,4.77,4.112950000000006,0.6570499999999937,1.71,1.3639000000000008,0.3460999999999992,0.33,0.3315999999999991,0.0015999999999991021
2020-02-14,17.74,17.471250000000005,0.2687499999999936,98.86,99.11019999999988,0.25019999999987874,5.64,5.76024999999998,0.12024999999997998,4.06,2.726100000000007,1.3338999999999928,0.36,0.36034999999999967,0.0003499999999996839
2022-02-10,12.93,15.117450000000005,2.1874500000000054,99.29,99.01984999999989,0.2701500000001147,6.66,7.642399999999991,0.9823999999999913,2.12,1.4216499999999994,0.6983500000000007,0.53,0.5559499999999996,0.025949999999999585
2023-08-03,30.04,29.98650000000003,0.053499999999967685,97.46,97.6251999999999,0.1651999999998992,22.69,22.345299999999966,0.3447000000000351,1.43,1.5289500000000011,0.0989500000000012,0.65,0.6766000000000016,0.026600000000001622
2025-02-04,18.36,16.225899999999978,2.1341000000000214,99.0,99.0429499999999,0.04294999999990523,5.72,6.323950000000002,0.603950000000002,1.28,1.8533999999999977,0.5733999999999977,0.35,0.3577500000000004,0.007750000000000423
2021-07-10,34.78,34.298150000000085,0.4818499999999162,97.59,97.60244999999999,0.012449999999986971,16.34,17.91009999999998,1.5700999999999787,2.5,2.4705500000000034,0.029449999999996646,0.33,0.37549999999999994,0.04549999999999993
2022-08-22,32.14,30.8274,1.3125999999999998,97.53,97.77339999999987,0.24339999999986617,18.17,17.423850000000048,0.7461499999999539,2.47,1.6783999999999986,0.7916000000000016,0.39,0.3989000000000004,0.008900000000000408
2023-02-08,15.54,16.402399999999993,0.8623999999999938,98.95,98.7711500000002,0.17884999999979811,4.26,5.574000000000005,1.3140000000000054,2.34,2.298200000000004,0.04179999999999584,0.39,0.38915000000000055,0.0008499999999994623
2025-07-07,32.05,31.40240000000006,0.6475999999999367,97.45,97.47879999999992,0.02879999999991867,20.21,20.530900000000038,0.32090000000003727,1.27,1.8028999999999997,0.5328999999999997,0.43,0.5042499999999994,0.07424999999999943
2021-06-27,33.59,33.70404999999998,0.11404999999997756,98.01,97.65899999999998,0.3510000000000275,13.97,13.221449999999955,0.748550000000046,1.38,1.5575000000000032,0.17750000000000332,0.36,0.3638499999999999,0.003849999999999909
2023-08-30,29.1,28.89740000000001,0.20259999999998968,98.1,98.1968,0.09680000000000177,19.28,19.55855000000002,0.2785500000000205,1.72,1.3412500000000012,0.3787499999999988,0.59,0.5956499999999995,0.005649999999999489
2021-08-19,29.68,29.18500000000008,0.4949999999999193,97.75,97.83760000000035,0.08760000000035006,20.68,19.563799999999976,1.116200000000024,1.46,1.688899999999998,0.2288999999999981,0.62,0.6646499999999987,0.044649999999998746
2023-10-10,27.98,26.140350000000023,1.8396499999999776,98.55,98.60259999999985,0.052599999999856095,14.62,13.63890000000002,0.9810999999999801,1.03,1.6470999999999987,0.6170999999999986,0.43,0.4378999999999995,0.007899999999999519
2021-02-24,23.44,21.41329999999999,2.0267000000000124,98.69,98.8313,0.1413000000000011,4.59,4.771600000000018,0.1816000000000182,1.44,1.7496499999999964,0.30964999999999643,0.29,0.2937999999999998,0.0037999999999998035
2020-03-10,18.18,19.322749999999985,1.1427499999999853,98.81,98.90324999999983,0.09324999999982708,5.82,6.747950000000011,0.9279500000000107,1.34,1.937749999999998,0.597749999999998,0.41,0.42285000000000084,0.01285000000000086
2025-01-31,16.72,15.340949999999978,1.3790500000000208,98.64,98.82564999999997,0.185649999999967,4.62,4.0852499999999985,0.5347500000000016,1.31,1.8013500000000005,0.4913500000000004,0.35,0.3460500000000002,0.003949999999999787
2023-09-28,25.73,27.042899999999996,1.3128999999999955,98.3,98.28430000000006,0.01569999999993854,15.02,15.579599999999976,0.5595999999999766,1.48,1.4476999999999987,0.03230000000000133,0.54,0.5461999999999988,0.006199999999998762
2023-09-21,29.58,28.68925000000005,0.8907499999999473,98.16,98.18384999999998,0.02384999999998172,20.12,19.645599999999966,0.4744000000000348,0.88,1.2178499999999988,0.33784999999999876,0.6,0.6182500000000006,0.018250000000000655
2023-05-10,28.78,30.98575000000004,2.2057500000000374,98.19,98.12200000000009,0.06799999999991257,5.59,7.7178000000000155,2.1278000000000157,2.91,2.0685,0.8415000000000004,0.32,0.3336499999999995,0.013649999999999496
2020-08-18,30.52,30.427050000000058,0.09294999999994147,97.47,97.56174999999976,0.09174999999976308,22.53,21.194400000000016,1.3355999999999852,1.33,1.7324000000000037,0.40240000000000364,0.55,0.5559000000000007,0.0059000000000006825
2020-09-08,29.8,30.030549999999902,0.23054999999990144,98.06,98.03184999999999,0.028150000000010778,18.46,18.877400000000033,0.41740000000003263,1.66,1.5397999999999996,0.1202000000000003,0.48,0.5009999999999992,0.02099999999999924
2021-07-18,31.52,33.639550000000085,2.1195500000000855,97.46,97.69509999999984,0.23509999999984643,21.4,19.14339999999994,2.2566000000000592,1.96,1.76095,0.19904999999999995,0.52,0.4285000000000003,0.09149999999999969
2023-03-09,23.56,22.861849999999993,0.6981500000000054,99.21,99.12589999999987,0.08410000000012019,7.23,6.015750000000002,1.214249999999998,0.68,1.5311000000000028,0.8511000000000027,0.36,0.3291999999999992,0.03080000000000077
2024-03-01,22.17,19.478500000000007,2.6914999999999942,98.9,99.0701,0.17009999999999081,5.78,8.269749999999986,2.4897499999999857,1.45,2.261150000000001,0.8111500000000011,0.3,0.41064999999999985,0.11064999999999986
2021-08-25,28.49,28.767299999999945,0.27729999999994703,97.49,97.66909999999993,0.1790999999999343,20.05,20.159299999999995,0.10929999999999396,2.31,1.967049999999996,0.3429500000000041,0.69,0.6923000000000006,0.002300000000000635
2021-09-09,27.6,27.99829999999999,0.39829999999998833,97.94,98.11904999999992,0.17904999999991844,20.53,20.602699999999956,0.07269999999995491,2.14,2.417850000000005,0.2778500000000048,0.73,0.7390000000000001,0.009000000000000119
2023-08-27,28.74,28.939949999999968,0.1999499999999692,97.7,97.77174999999993,0.07174999999992338,18.86,19.75705000000004,0.8970500000000392,2.54,2.520399999999999,0.01960000000000095,0.63,0.6463000000000007,0.016300000000000647
2020-12-08,19.19,19.359099999999952,0.1690999999999505,99.27,99.18420000000015,0.08579999999984977,4.97,5.136300000000002,0.16630000000000233,1.34,1.7413000000000016,0.40130000000000154,0.17,0.16395000000000037,0.006049999999999639
2022-02-20,15.12,16.886350000000018,1.7663500000000187,98.41,98.81994999999986,0.40994999999986703,5.75,5.806149999999998,0.056149999999997924,2.79,1.7371000000000034,1.0528999999999966,0.46,0.46814999999999996,0.008149999999999935
2024-12-12,11.45,13.830599999999995,2.380599999999996,99.18,99.19389999999969,0.013899999999679835,2.84,3.7796000000000083,0.9396000000000084,2.08,1.5890500000000036,0.49094999999999644,0.38,0.38085000000000024,0.0008500000000002395
2020-10-25,24.74,23.43460000000005,1.305399999999949,98.66,98.66745000000009,0.007450000000090995,4.48,5.657150000000002,1.177150000000002,1.41,1.5729999999999982,0.16299999999999826,0.25,0.2702500000000001,0.0202500000000001
2020-12-17,10.2,11.612199999999996,1.4121999999999968,99.5,99.34905000000015,0.15094999999985248,2.63,3.1049499999999965,0.47494999999999665,3.02,2.718399999999997,0.3016000000000032,0.21,0.22420000000000034,0.014200000000000351
2022-07-05,33.66,34.49789999999994,0.8378999999999408,97.43,97.55135000000011,0.1213500000001062,17.74,18.248600000000035,0.5086000000000368,2.39,1.7279500000000017,0.6620499999999985,0.36,0.3466500000000003,0.013349999999999695
2022-02-19,16.02,16.92475000000003,0.9047500000000319,98.93,98.95465000000007,0.02465000000006512,6.07,5.863850000000006,0.20614999999999473,2.08,1.3960499999999996,0.6839500000000005,0.46,0.47184999999999944,0.011849999999999417
2025-07-24,31.09,30.718549999999954,0.3714500000000456,97.16,97.29165000000017,0.13165000000017812,21.3,21.96195,0.6619500000000009,1.81,1.980249999999998,0.17024999999999801,0.52,0.5350999999999989,0.015099999999998892
2022-01-25,10.33,10.563399999999984,0.23339999999998362,99.03,99.03315000000008,0.0031500000000761474,6.52,7.131350000000006,0.611350000000006,1.44,1.4439500000000003,0.003950000000000342,0.55,0.5579500000000004,0.007950000000000346
2021-06-12,32.62,33.18014999999991,0.5601499999999149,97.41,97.45195000000011,0.04195000000011362,17.98,16.263600000000004,1.7163999999999966,2.58,2.562150000000001,0.017849999999999255,0.45,0.3864500000000003,0.06354999999999972
2025-11-11,17.64,17.588249999999956,0.051750000000044594,99.0,99.00544999999994,0.005449999999939337,5.76,6.2298999999999936,0.46989999999999377,1.72,1.6885499999999984,0.03145000000000153,0.47,0.4741999999999999,0.004199999999999926
2020-08-27,29.39,29.57005000000005,0.1800500000000511,97.88,97.84310000000009,0.03689999999990334,21.36,20.03670000000003,1.3232999999999677,1.44,2.09405,0.6540500000000002,0.56,0.5416499999999987,0.01835000000000131
2020-04-09,25.51,27.74535000000004,2.2353500000000395,98.62,98.57705000000031,0.04294999999969207,7.25,7.882000000000005,0.632000000000005,2.49,2.4010499999999997,0.08895000000000053,0.33,0.3215499999999994,0.008450000000000624
2024-11-26,17.53,18.34059999999998,0.8105999999999796,99.04,99.15850000000022,0.11850000000021055,5.79,5.882599999999994,0.0925999999999938,1.84,1.4308499999999977,0.40915000000000235,0.41,0.4192500000000007,0.009250000000000702
2020-12-16,12.74,12.254100000000012,0.48589999999998845,99.58,99.36124999999997,0.21875000000002842,3.44,3.9052,0.46519999999999984,3.04,2.2526499999999987,0.7873500000000013,0.21,0.2275999999999998,0.01759999999999981
2021-03-21,27.72,27.291650000000008,0.4283499999999911,98.4,98.50545000000022,0.10545000000021787,5.36,5.557649999999987,0.197649999999987,1.28,1.8218499999999995,0.5418499999999995,0.15,0.15074999999999983,0.0007499999999998341
2025-02-12,18.17,18.32254999999996,0.15254999999995889,98.99,98.92140000000006,0.06859999999993249,4.75,4.296149999999994,0.4538500000000063,2.7,1.5558500000000026,1.1441499999999976,0.34,0.3384000000000013,0.0015999999999987136
2023-12-17,14.65,14.741450000000036,0.09145000000003556,99.33,99.2780999999998,0.05190000000020234,4.86,4.56365,0.29635000000000034,1.58,1.6379499999999998,0.057949999999999724,0.35,0.3499500000000004,4.9999999999550404e-05
2022-08-10,32.87,31.126200000000036,1.7437999999999612,97.35,97.61644999999974,0.2664499999997503,18.32,19.113650000000042,0.7936500000000422,2.8,2.0935500000000014,0.7064499999999985,0.41,0.4320000000000014,0.022000000000001407
2020-10-17,27.0,25.49234999999996,1.5076500000000408,98.42,98.31720000000014,0.10279999999985989,6.91,6.861999999999987,0.048000000000013365,1.54,2.0956,0.5556000000000001,0.31,0.30604999999999927,0.003950000000000731
2020-05-04,30.68,31.657250000000108,0.9772500000001081,98.4,98.11800000000005,0.28199999999995384,12.67,11.198099999999972,1.4719000000000282,1.46,1.6966499999999973,0.23664999999999736,0.34,0.3350500000000005,0.00494999999999951
2024-12-03,19.33,18.390950000000025,0.9390499999999733,99.08,98.96655000000001,0.11344999999998606,6.95,6.30990000000001,0.6400999999999906,1.42,1.5134500000000033,0.09345000000000336,0.4,0.3963500000000003,0.003649999999999709
2020-07-04,37.1,33.85454999999991,3.2454500000000905,97.27,97.37300000000018,0.10300000000017917,17.27,18.05810000000002,0.7881000000000213,2.71,1.6735,1.0365,0.3,0.3556500000000002,0.0556500000000002
2023-04-15,31.56,30.713649999999998,0.846350000000001,98.37,98.45264999999989,0.08264999999988731,6.66,7.369699999999986,0.7096999999999856,1.31,1.8679500000000013,0.5579500000000013,0.32,0.3244499999999995,0.00444999999999951
2020-11-28,16.58,17.297350000000062,0.7173500000000637,99.46,99.42215000000006,0.03784999999993488,4.45,4.717150000000017,0.2671500000000169,2.52,2.1674000000000047,0.35259999999999536,0.2,0.20745000000000058,0.007450000000000567
2020-03-06,17.96,19.76850000000002,1.80850000000002,98.49,98.77939999999995,0.2893999999999579,10.45,9.19575000000001,1.25424999999999,3.09,1.792000000000003,1.297999999999997,0.56,0.433899999999999,0.12610000000000104
2021-04-27,33.37,31.91735000000004,1.4526499999999558,98.23,98.35540000000026,0.12540000000025486,4.14,4.298399999999994,0.1583999999999941,2.01,2.2849499999999967,0.2749499999999969,0.13,0.1334500000000003,0.003450000000000286
2023-11-12,19.69,20.43315000000002,0.7431500000000177,99.36,99.27934999999998,0.08065000000001987,8.5,8.557600000000017,0.05760000000001675,1.97,1.6573499999999977,0.3126500000000023,0.37,0.38919999999999993,0.01919999999999994
2022-05-23,31.15,34.560900000000046,3.410900000000048,97.36,97.54985000000029,0.18985000000029117,10.62,9.193500000000006,1.4264999999999937,3.67,2.686050000000002,0.9839499999999979,0.42,0.22954999999999934,0.19045000000000065
2024-01-23,13.07,12.81364999999997,0.2563500000000296,99.36,99.41245000000009,0.0524500000000927,3.55,3.587900000000009,0.03790000000000937,1.41,1.308150000000001,0.10184999999999889,0.31,0.3182500000000003,0.008250000000000313
2024-03-17,21.4,22.86295,1.4629500000000029,99.0,98.80159999999991,0.19840000000009184,3.68,5.262649999999993,1.5826499999999926,1.48,1.928900000000001,0.44890000000000096,0.26,0.2573000000000001,0.0026999999999999247
2022-11-19,16.82,16.854949999999945,0.03494999999994519,99.2,99.09595000000012,0.10404999999988718,7.16,7.0173000000000165,0.14269999999998362,1.03,1.5991500000000014,0.5691500000000014,0.58,0.5701999999999995,0.009800000000000475
2022-11-23,15.54,16.19359999999996,0.6535999999999618,99.0,98.9666000000002,0.033399999999801366,6.23,6.178149999999997,0.051850000000003504,2.23,1.6085999999999978,0.6214000000000022,0.55,0.5449500000000004,0.005049999999999666
2023-04-23,25.39,28.434049999999946,3.0440499999999453,98.3,98.1124999999999,0.18750000000009948,6.98,7.3299499999999975,0.3499499999999971,2.76,1.9781500000000034,0.7818499999999964,0.31,0.31990000000000013,0.009900000000000131
2025-07-18,28.83,29.11744999999998,0.287449999999982,97.68,97.62460000000002,0.05539999999999168,19.4,19.773850000000024,0.3738500000000258,4.55,2.5439500000000033,2.0060499999999966,0.53,0.5105500000000004,0.019449999999999634
2025-07-06,31.16,31.568400000000057,0.40840000000005716,97.41,97.45719999999992,0.04719999999991842,20.57,20.16205,0.4079499999999996,1.77,2.121600000000002,0.35160000000000213,0.49,0.48914999999999886,0.0008500000000011276
2022-06-25,34.68,33.11364999999992,1.566350000000078,97.48,97.71350000000002,0.2335000000000207,9.49,12.61895000000001,3.1289500000000103,0.91,2.2393999999999994,1.3293999999999992,0.29,0.3405499999999997,0.050549999999999706
2021-02-12,17.82,16.4752,1.3447999999999993,99.03,98.99314999999986,0.03685000000014327,5.47,4.98060000000001,0.48939999999999007,1.35,1.9165499999999995,0.5665499999999994,0.34,0.33950000000000147,0.0004999999999985572
2023-06-12,36.84,37.310649999999875,0.4706499999998712,97.38,97.46780000000008,0.0878000000000867,13.0,12.122500000000016,0.8774999999999835,3.85,3.227050000000001,0.622949999999999,0.21,0.2138999999999999,0.0038999999999999035
2020-07-31,30.84,32.41279999999993,1.5727999999999334,97.74,97.58865000000003,0.15134999999996523,21.2,20.248449999999988,0.9515500000000117,1.31,2.3088000000000024,0.9988000000000024,0.53,0.4853999999999988,0.04460000000000125
2025-09-15,28.05,28.218649999999965,0.168649999999964,98.05,98.17610000000009,0.12610000000009336,19.82,19.51895000000004,0.30104999999996096,1.83,1.141850000000001,0.6881499999999992,0.78,0.8002000000000009,0.020200000000000884
2023-03-22,21.96,23.493000000000052,1.533000000000051,98.61,98.4487000000002,0.16129999999979816,8.73,8.720450000000005,0.009549999999995507,1.42,2.038699999999997,0.6186999999999969,0.38,0.38025000000000014,0.000250000000000139
2025-05-26,31.97,32.066400000000016,0.09640000000001692,97.83,97.51634999999996,0.3136500000000382,14.25,13.638699999999988,0.6113000000000124,2.34,2.1508500000000046,0.18914999999999527,0.34,0.36630000000000007,0.026300000000000046
2023-12-20,12.97,13.685449999999987,0.7154499999999864,99.47,99.28274999999981,0.18725000000019065,3.89,4.243649999999994,0.35364999999999425,1.82,1.4168500000000004,0.4031499999999997,0.35,0.3488000000000006,0.0011999999999993682
2020-12-20,13.5,11.920650000000013,1.5793499999999874,99.45,99.25125000000001,0.19874999999998977,2.58,3.207149999999994,0.6271499999999941,2.55,2.2296999999999976,0.32030000000000225,0.19,0.20560000000000023,0.015600000000000225
2022-04-18,34.0,33.45464999999992,0.5453500000000773,98.04,98.04414999999986,0.004149999999853549,4.23,4.8525999999999945,0.622599999999994,1.98,2.1249999999999982,0.14499999999999824,0.13,0.12390000000000002,0.0060999999999999804
2025-05-16,36.41,34.83999999999995,1.57000000000005,97.79,97.9775000000001,0.18750000000009948,8.91,9.77785000000001,0.8678500000000096,2.47,2.1848000000000014,0.2851999999999988,0.28,0.29454999999999926,0.01454999999999923
2021-11-11,19.85,19.08904999999999,0.7609500000000118,98.88,99.00070000000024,0.12070000000024095,7.98,8.643599999999982,0.6635999999999811,1.08,1.5849499999999983,0.5049499999999982,0.6,0.61245,0.012450000000000072
2024-10-30,26.67,24.15704999999998,2.5129500000000213,98.52,98.74175,0.2217500000000001,13.56,12.343500000000024,1.2164999999999768,1.17,1.2742500000000014,0.10425000000000151,0.51,0.5332000000000001,0.02320000000000011
2020-07-29,32.25,32.57974999999993,0.32974999999993315,97.63,97.57150000000006,0.05849999999993827,20.15,20.25494999999998,0.104949999999981,2.29,1.9148499999999995,0.37515000000000054,0.53,0.48519999999999874,0.04480000000000128
2023-11-28,18.6,18.12690000000002,0.473099999999981,99.09,99.1241000000002,0.034100000000194086,7.21,6.759750000000015,0.4502499999999854,1.23,1.2897500000000002,0.05975000000000019,0.39,0.36199999999999943,0.02800000000000058
2022-08-06,31.27,29.98024999999994,1.2897500000000583,97.49,97.58375,0.09375,20.01,20.047849999999997,0.037849999999995276,1.03,1.7851000000000006,0.7551000000000005,0.44,0.47650000000000003,0.03650000000000003
2024-12-16,13.8,14.711150000000023,0.9111500000000223,99.26,99.28089999999987,0.02089999999986958,3.19,3.6935499999999943,0.5035499999999944,1.35,1.4672000000000005,0.11720000000000041,0.38,0.3800000000000002,2.220446049250313e-16
2023-05-26,29.28,32.58064999999996,3.300649999999962,98.17,98.07864999999993,0.09135000000007665,14.25,11.989500000000012,2.260499999999988,1.91,1.7642000000000038,0.14579999999999615,0.47,0.29814999999999964,0.17185000000000034
2020-08-08,32.28,31.50709999999992,0.7729000000000816,97.48,97.52685000000005,0.04685000000004891,20.95,20.73845000000006,0.21154999999993862,0.84,1.6371500000000014,0.7971500000000015,0.48,0.46679999999999944,0.013200000000000545
2023-03-21,20.28,23.075250000000043,2.795250000000042,98.46,98.45215000000013,0.007849999999862689,10.69,9.405099999999983,1.2849000000000164,1.23,1.528150000000002,0.2981500000000019,0.5,0.4051500000000008,0.09484999999999921
2020-08-25,29.16,29.022000000000084,0.1379999999999164,97.87,97.74755000000017,0.12244999999983008,20.5,20.201050000000038,0.2989499999999623,2.41,2.591349999999998,0.1813499999999979,0.53,0.5456499999999983,0.015649999999998276
2022-02-25,18.99,17.203799999999955,1.7862000000000435,99.15,99.0471999999998,0.10280000000020095,7.18,6.8445500000000035,0.33544999999999625,1.46,2.4384499999999947,0.9784499999999947,0.44,0.460399999999999,0.020399999999998975
2022-11-27,16.13,16.039450000000034,0.09054999999996483,98.71,99.00149999999994,0.29149999999994236,6.32,6.885749999999996,0.565749999999996,1.47,1.6370999999999993,0.16709999999999936,0.53,0.5289500000000009,0.0010499999999991072
2024-11-10,23.65,22.678150000000056,0.971849999999943,98.96,98.97260000000023,0.012600000000233536,11.67,11.649800000000011,0.02019999999998845,1.42,1.6769999999999967,0.2569999999999968,0.46,0.4641499999999986,0.004149999999998599
2021-09-12,26.6,27.184600000000025,0.5846000000000231,97.82,97.97559999999983,0.1555999999998363,19.82,20.132399999999997,0.3123999999999967,1.79,2.4486000000000057,0.6586000000000056,0.78,0.7551000000000002,0.02489999999999981
2023-12-07,18.32,16.34180000000002,1.9781999999999798,99.14,99.09554999999999,0.04445000000001187,6.5,5.803249999999997,0.6967500000000033,1.27,1.8587000000000002,0.5887000000000002,0.35,0.3530000000000002,0.0030000000000002247
2022-12-16,14.14,13.585949999999995,0.5540500000000055,98.93,99.08759999999991,0.1575999999999027,4.9,4.804850000000009,0.09514999999999141,1.77,1.9696000000000027,0.19960000000000266,0.45,0.453300000000001,0.003300000000000969
2023-07-12,30.4,30.822500000000023,0.4225000000000243,97.63,97.64395000000006,0.013950000000065188,21.98,21.57559999999999,0.40440000000000964,0.95,1.4448000000000014,0.49480000000000146,0.69,0.6462499999999988,0.04375000000000118
2022-08-02,31.43,30.320499999999928,1.1095000000000717,97.58,97.52569999999994,0.05430000000005464,19.86,20.180800000000055,0.32080000000005526,1.28,1.6035499999999983,0.32354999999999823,0.44,0.46319999999999983,0.023199999999999832
2021-03-03,22.65,23.080249999999936,0.43024999999993696,98.76,98.85920000000009,0.09920000000008145,3.15,3.4896500000000064,0.33965000000000645,2.47,1.4791499999999982,0.990850000000002,0.21,0.21610000000000032,0.006100000000000327
2020-01-14,14.25,13.869650000000018,0.3803499999999822,99.08,98.94710000000008,0.1328999999999212,6.99,6.18060000000001,0.8093999999999903,1.43,1.5394000000000014,0.1094000000000015,0.39,0.3901500000000002,0.00015000000000020552
2023-03-03,23.72,22.882949999999987,0.8370500000000121,99.39,99.11895000000003,0.27104999999997403,7.31,6.78844999999998,0.5215500000000199,2.5,1.7833499999999969,0.7166500000000031,0.33,0.34410000000000096,0.014100000000000945
2020-10-23,25.81,24.945600000000024,0.864399999999975,98.32,98.52644999999997,0.20644999999997538,6.38,6.1682999999999995,0.21170000000000044,1.73,1.366349999999999,0.3636500000000009,0.27,0.2808500000000005,0.01085000000000047
2025-09-13,28.34,27.751449999999963,0.588550000000037,98.32,98.1425500000003,0.1774499999996948,18.56,19.486300000000025,0.9263000000000261,0.98,1.8942499999999984,0.9142499999999985,0.8,0.8040000000000006,0.004000000000000559
2021-08-22,28.43,27.910299999999925,0.5197000000000749,98.06,97.84160000000006,0.21839999999994575,21.03,20.883800000000004,0.14619999999999678,2.04,2.1405000000000016,0.10050000000000159,0.71,0.7380500000000005,0.028050000000000574
2022-02-24,17.75,16.83135000000002,0.9186499999999818,99.15,98.97879999999992,0.17120000000008417,7.55,6.523550000000001,1.0264499999999988,1.12,2.1943499999999947,1.0743499999999946,0.44,0.4445499999999989,0.004549999999998888
2024-10-29,25.41,24.10094999999999,1.3090500000000098,98.47,98.73575000000004,0.2657500000000397,14.74,12.328200000000015,2.4117999999999853,1.36,1.1940999999999995,0.1659000000000006,0.52,0.5410500000000004,0.021050000000000346
2023-04-25,27.75,27.571800000000056,0.17819999999994351,98.7,98.43920000000007,0.2607999999999322,7.3,7.53605000000002,0.23605000000002008,1.5,2.1402000000000045,0.6402000000000045,0.31,0.3105000000000003,0.000500000000000278
2020-11-20,17.24,17.26820000000004,0.02820000000004086,99.09,98.99799999999979,0.09200000000021191,4.05,4.806200000000005,0.7562000000000051,2.89,2.2299999999999964,0.6600000000000037,0.27,0.27555000000000046,0.0055500000000004435
2024-04-27,33.55,32.892800000000015,0.6571999999999818,98.08,98.1205999999998,0.0405999999997988,6.38,6.113250000000006,0.2667499999999938,2.87,1.921099999999999,0.9489000000000012,0.15,0.14405000000000007,0.005949999999999928
2024-06-07,37.43,37.67815000000006,0.24815000000005938,97.79,97.70625000000001,0.08374999999999488,10.4,8.73160000000002,1.6683999999999806,3.31,2.70735,0.6026500000000001,0.17,0.14070000000000032,0.029299999999999687
2023-05-17,34.15,33.10894999999994,1.0410500000000553,98.04,98.02869999999997,0.01130000000003406,9.86,8.732699999999987,1.1273000000000124,2.56,2.8798500000000034,0.3198500000000033,0.3,0.31334999999999913,0.01334999999999914
2023-07-05,32.83,33.13709999999993,0.3070999999999344,97.42,97.57400000000011,0.15400000000011005,19.52,18.991050000000012,0.5289499999999876,2.23,1.7690500000000027,0.4609499999999973,0.44,0.40164999999999956,0.03835000000000044
2022-12-20,13.47,13.179449999999992,0.2905500000000085,98.94,99.06729999999989,0.1272999999998916,5.1,4.915549999999989,0.18445000000001066,1.66,1.4894500000000013,0.17054999999999865,0.44,0.4479000000000009,0.007900000000000906
2021-07-21,28.52,29.221200000000003,0.7012000000000036,97.33,97.42535000000012,0.09535000000012417,21.78,21.794349999999994,0.014349999999993202,1.07,1.3709499999999997,0.3009499999999996,0.69,0.6953500000000001,0.005350000000000188
2022-07-29,29.5,29.725049999999914,0.22504999999991426,98.06,97.73955000000002,0.3204499999999797,20.58,20.257099999999994,0.3229000000000042,1.29,1.2705500000000016,0.019449999999998413,0.49,0.49900000000000033,0.009000000000000341
2022-07-10,32.35,33.664150000000056,1.3141500000000548,97.56,97.53060000000006,0.029399999999938586,17.28,17.917899999999978,0.637899999999977,1.94,2.5959000000000003,0.6559000000000004,0.35,0.36519999999999975,0.01519999999999977
2025-11-20,17.37,18.11615000000002,0.7461500000000179,99.27,99.23529999999982,0.03470000000017137,7.64,5.757299999999998,1.8827000000000016,1.31,1.3752000000000006,0.06520000000000059,0.45,0.43955000000000005,0.01044999999999996
2021-11-24,16.08,16.19514999999997,0.11514999999997144,98.95,99.01094999999998,0.06094999999997697,6.08,6.250849999999997,0.17084999999999706,1.3,1.6378999999999986,0.33789999999999853,0.54,0.5407000000000017,0.0007000000000016993
2021-06-11,32.49,34.42119999999989,1.9311999999998903,97.3,97.37655,0.07654999999999745,16.9,15.93375000000001,0.9662499999999881,2.34,2.9647000000000037,0.6247000000000038,0.4,0.3793500000000002,0.020649999999999835
2023-08-23,28.24,29.85844999999996,1.6184499999999602,97.61,97.79314999999984,0.18314999999984138,21.98,21.90874999999999,0.0712500000000098,2.22,1.31035,0.9096500000000003,0.78,0.6267999999999982,0.15320000000000178
2021-03-16,25.4,25.891649999999935,0.49164999999993597,98.75,98.66660000000009,0.08339999999991221,5.56,5.736150000000004,0.17615000000000425,2.37,2.0348999999999995,0.3351000000000006,0.18,0.17820000000000008,0.0017999999999999128
2023-03-28,23.61,24.602750000000043,0.9927500000000435,98.58,98.61825000000006,0.038250000000061846,6.88,7.391700000000009,0.5117000000000091,2.17,1.9489500000000006,0.2210499999999993,0.35,0.3596999999999997,0.009699999999999709
2025-06-16,33.25,35.40460000000009,2.1546000000000873,97.48,97.45220000000009,0.027799999999913894,17.39,14.825999999999965,2.5640000000000356,2.65,2.6522499999999964,0.0022499999999965326,0.37,0.31700000000000034,0.05299999999999966
2020-11-12,21.43,21.69495000000001,0.26495000000000957,99.42,99.25269999999992,0.1673000000000826,5.92,5.476550000000015,0.44344999999998524,1.09,1.3573499999999985,0.2673499999999984,0.15,0.15884999999999957,0.00884999999999958
2024-05-12,34.88,34.38320000000006,0.4967999999999435,98.34,98.18519999999995,0.15480000000005134,8.22,8.671099999999969,0.4510999999999683,1.89,2.0217000000000036,0.1317000000000037,0.11,0.10764999999999982,0.0023500000000001853
2020-04-15,31.98,31.760350000000084,0.2196499999999162,98.42,98.33005000000001,0.08994999999998754,7.49,9.82134999999999,2.33134999999999,1.65,1.6791500000000013,0.02915000000000134,0.31,0.3076500000000002,0.0023499999999997967
2024-09-05,28.44,28.599449999999987,0.15944999999998544,97.78,98.0182,0.23819999999999197,20.15,20.55980000000006,0.409800000000061,0.83,1.2801500000000021,0.45015000000000216,0.65,0.6747999999999985,0.02479999999999849
2020-05-01,32.37,31.482499999999977,0.8875000000000206,98.21,98.18255000000008,0.027449999999916486,11.13,10.927349999999983,0.20265000000001798,1.99,2.6065999999999976,0.6165999999999976,0.3,0.31219999999999976,0.012199999999999767
2021-02-18,19.21,18.429550000000003,0.7804499999999983,99.23,99.00534999999995,0.22465000000005375,4.3,4.836899999999983,0.5368999999999833,1.14,1.3481500000000028,0.20815000000000294,0.32,0.3278999999999991,0.007899999999999074
2023-03-10,23.32,22.69185,0.6281500000000015,99.1,99.08104999999989,0.018950000000103273,6.4,6.25995,0.14005000000000045,1.47,1.6958500000000027,0.22585000000000277,0.33,0.3282999999999995,0.0017000000000005344
2023-01-18,9.25,13.048650000000004,3.798650000000004,99.46,99.30084999999994,0.15915000000005364,2.57,5.137449999999993,2.5674499999999933,1.51,1.4340000000000013,0.07599999999999874,0.41,0.4086999999999991,0.001300000000000856
2022-08-23,31.06,30.664200000000065,0.39579999999993376,97.67,97.83204999999984,0.16204999999983727,17.65,17.43530000000006,0.21469999999994016,5.12,1.7290499999999998,3.39095,0.38,0.39070000000000044,0.010700000000000431
2023-08-24,28.21,29.023349999999983,0.813349999999982,97.5,97.90270000000005,0.4027000000000527,20.26,20.83205,0.5720499999999973,2.15,1.9643999999999984,0.18560000000000154,0.68,0.6484999999999982,0.03150000000000186
2022-07-20,32.27,31.662150000000057,0.6078499999999458,97.51,97.50460000000021,0.005399999999795568,21.79,19.417099999999994,2.372900000000005,1.17,1.3015,0.13150000000000017,0.48,0.40010000000000084,0.07989999999999914
2020-04-25,31.94,30.24755000000006,1.6924499999999405,98.13,98.23820000000015,0.10820000000015284,8.74,9.203500000000021,0.4635000000000211,1.03,2.0951999999999993,1.0651999999999993,0.26,0.2955500000000008,0.0355500000000008
2020-03-17,20.39,19.989,0.4009999999999998,99.22,99.08474999999993,0.13525000000007026,7.12,7.4107000000000065,0.2907000000000064,2.13,1.6396499999999998,0.49035000000000006,0.4,0.40659999999999896,0.00659999999999894
2025-03-31,25.55,25.421050000000026,0.1289499999999748,98.58,98.51150000000005,0.06849999999994338,2.29,3.818549999999994,1.5285499999999939,2.33,2.6122499999999973,0.2822499999999972,0.12,0.1353999999999999,0.015399999999999914
2025-05-11,33.3,32.846000000000075,0.45399999999992247,98.02,98.11945000000003,0.0994500000000329,12.53,12.188999999999988,0.34100000000001174,1.39,1.7742000000000027,0.38420000000000276,0.32,0.32199999999999884,0.001999999999998836
2023-03-16,25.37,24.565799999999925,0.8042000000000762,98.59,98.58864999999996,0.0013500000000448154,6.94,7.40765000000001,0.46765000000000967,2.41,1.705599999999999,0.7044000000000012,0.31,0.3135500000000008,0.0035500000000007748
2025-04-22,31.49,32.86554999999994,1.3755499999999437,98.34,98.16619999999983,0.17380000000017048,2.15,5.2473500000000115,3.0973500000000116,2.25,2.1368000000000062,0.11319999999999375,0.13,0.13440000000000024,0.004400000000000237
2021-07-08,37.66,35.503200000000035,2.1567999999999614,97.44,97.54004999999988,0.10004999999988229,14.85,16.230300000000014,1.3803000000000143,1.78,2.1504999999999996,0.3704999999999996,0.32,0.338,0.018000000000000016
2023-10-18,22.55,23.348899999999993,0.7988999999999926,99.1,98.87720000000003,0.22279999999996392,10.37,11.1357,0.7657000000000007,2.16,1.6854000000000025,0.4745999999999977,0.42,0.44934999999999997,0.029349999999999987
2022-11-06,21.3,20.828749999999996,0.47125000000000483,99.12,98.93554999999998,0.18445000000002665,13.85,12.894699999999991,0.9553000000000083,1.3,1.6489000000000016,0.34890000000000154,0.64,0.6384500000000001,0.0015499999999999403
2025-09-22,25.97,26.800499999999943,0.8304999999999438,98.12,98.09969999999988,0.020300000000119667,16.39,16.80120000000003,0.4112000000000293,1.84,1.76545,0.07455000000000012,0.75,0.7499500000000003,4.9999999999661426e-05
2024-06-08,37.64,37.35249999999996,0.28750000000004405,97.68,97.65125000000003,0.028749999999973852,9.59,8.191849999999997,1.398150000000003,3.87,2.8952000000000013,0.9747999999999988,0.15,0.14005000000000029,0.009949999999999709
2023-08-16,29.69,29.1734,0.5166000000000004,97.96,97.87414999999983,0.08585000000016407,20.86,21.268650000000033,0.4086500000000335,1.73,2.4462500000000023,0.7162500000000023,0.63,0.6327000000000002,0.0027000000000001467
2023-07-09,29.71,30.465949999999985,0.7559499999999844,97.72,97.62075000000009,0.09924999999991257,22.33,20.764150000000033,1.5658499999999655,2.48,2.0127499999999996,0.4672500000000004,0.71,0.5708500000000006,0.13914999999999933
2021-09-13,27.52,27.565150000000045,0.045150000000045765,97.8,97.97839999999997,0.17839999999996792,19.35,18.812899999999974,0.5371000000000272,1.45,1.752300000000003,0.3023000000000031,0.77,0.7508999999999999,0.019100000000000117
2024-01-03,13.09,11.837150000000008,1.2528499999999916,99.26,99.35454999999988,0.09454999999987024,4.09,4.946549999999999,0.8565499999999995,1.03,1.3752499999999992,0.34524999999999917,0.34,0.34615000000000157,0.006150000000001543
2024-05-31,39.45,38.80364999999988,0.6463500000001261,97.47,97.39900000000002,0.07099999999998374,4.36,6.736449999999996,2.3764499999999957,2.58,2.6764499999999987,0.09644999999999859,0.07,0.08100000000000014,0.011000000000000135
2023-10-12,25.37,24.689250000000015,0.6807499999999855,98.77,98.62704999999985,0.14295000000014113,10.36,12.417450000000024,2.057450000000024,1.41,1.5796000000000001,0.1696000000000002,0.42,0.43345000000000056,0.013450000000000573
2024-04-18,31.08,31.291150000000002,0.2111500000000035,98.22,98.10289999999993,0.1171000000000646,6.49,6.766499999999991,0.27649999999999064,3.05,3.4506999999999954,0.4006999999999956,0.17,0.18125000000000008,0.011250000000000066
2022-11-03,21.2,21.316249999999968,0.11624999999996888,98.73,98.86799999999994,0.13799999999993418,11.53,12.168900000000002,0.6389000000000031,1.71,1.3815999999999995,0.32840000000000047,0.65,0.6458000000000009,0.004199999999999093
2024-12-31,11.62,13.512399999999973,1.8923999999999737,99.55,99.27484999999986,0.27515000000013856,3.96,7.452400000000006,3.492400000000006,1.26,2.1753500000000043,0.9153500000000043,0.39,0.43410000000000015,0.04410000000000014
2022-10-20,22.7,22.76440000000002,0.06440000000002044,98.86,98.89265000000006,0.032650000000060686,12.06,11.45045000000002,0.6095499999999809,1.06,1.222249999999998,0.162249999999998,0.73,0.7264499999999994,0.0035500000000006082
2025-06-25,34.03,34.02180000000009,0.008199999999909835,97.52,97.40949999999997,0.11050000000003024,17.42,17.488600000000016,0.0686000000000142,3.15,1.9244000000000026,1.2255999999999974,0.33,0.3538000000000001,0.0238000000000001
2022-05-17,36.15,36.98979999999992,0.8397999999999186,97.52,97.65080000000015,0.1308000000001499,5.29,5.846349999999994,0.5563499999999939,1.46,2.2613499999999993,0.8013499999999993,0.11,0.11034999999999984,0.00034999999999983655
2022-06-05,37.04,36.71835000000008,0.32164999999992006,97.53,97.50990000000009,0.020099999999914075,7.23,6.305049999999999,0.9249500000000017,2.11,1.6713500000000017,0.4386499999999982,0.25,0.2691500000000006,0.01915000000000061
2021-07-15,32.16,32.79424999999999,0.6342499999999944,97.85,97.80839999999989,0.041600000000102,18.35,18.579050000000006,0.22905000000000442,3.05,2.8407000000000027,0.20929999999999715,0.44,0.4332000000000007,0.006799999999999307
2024-03-23,26.75,24.94614999999997,1.803850000000029,98.38,98.76035,0.38035000000000707,4.89,4.717900000000007,0.17209999999999237,2.92,1.6649499999999977,1.2550500000000022,0.19,0.18749999999999983,0.0025000000000001688
2024-10-28,24.25,23.94334999999999,0.3066500000000083,98.47,98.74924999999998,0.27924999999997624,15.04,12.295500000000013,2.744499999999986,1.73,1.2339999999999993,0.49600000000000066,0.53,0.5428999999999998,0.0128999999999998
2022-09-24,26.32,27.26099999999999,0.9409999999999883,97.82,98.01810000000022,0.19810000000022399,20.0,19.97990000000003,0.02009999999997092,2.82,2.006000000000004,0.8139999999999961,0.79,0.7330000000000004,0.05699999999999961
2024-12-28,15.2,15.574049999999973,0.3740499999999738,99.39,99.3983999999999,0.008399999999895158,9.49,7.024949999999986,2.465050000000014,1.75,1.2086499999999996,0.5413500000000004,0.47,0.3979999999999989,0.07200000000000106
2025-09-16,28.57,28.148649999999964,0.42135000000003586,98.09,98.13275000000003,0.04275000000002649,19.03,19.424900000000036,0.39490000000003533,0.93,1.1474500000000007,0.2174500000000007,0.77,0.8018000000000012,0.03180000000000116
2025-11-28,17.18,17.378999999999976,0.19899999999997675,99.31,99.2810500000001,0.028949999999895226,6.3,5.312949999999984,0.987050000000016,1.49,1.1843000000000041,0.30569999999999586,0.43,0.4211000000000011,0.008899999999998909
2021-09-10,27.11,27.31445,0.20445000000000135,97.96,98.04509999999995,0.08509999999995443,20.37,20.359399999999994,0.01060000000000727,2.75,2.446350000000004,0.3036499999999962,0.76,0.7582500000000003,0.0017499999999996962
2025-03-15,26.17,26.16315,0.006850000000000023,98.56,98.71954999999994,0.15954999999993902,7.0,6.868249999999988,0.1317500000000118,2.05,1.7053000000000014,0.34469999999999845,0.27,0.28549999999999953,0.015499999999999514
2021-03-06,24.74,23.439599999999974,1.3004000000000246,98.61,98.70564999999988,0.09564999999987833,3.2,3.706750000000006,0.506750000000006,2.88,1.8959999999999986,0.9840000000000013,0.18,0.1915000000000002,0.011500000000000205
2021-03-02,20.75,21.8266,1.0765999999999991,98.94,98.95044999999999,0.010449999999991633,3.24,3.3622000000000054,0.1222000000000052,3.38,1.8669000000000033,1.5130999999999966,0.23,0.23460000000000023,0.004600000000000215
2023-04-19,30.95,31.69800000000004,0.7480000000000402,98.09,98.13820000000001,0.04820000000000846,9.96,9.159650000000005,0.8003499999999963,2.13,2.1606000000000005,0.030600000000000627,0.32,0.31405000000000055,0.005949999999999456
2021-09-05,28.59,28.054899999999996,0.5351000000000035,97.87,97.94925,0.07925000000000182,20.93,20.59034999999994,0.3396500000000593,0.74,1.5780000000000007,0.8380000000000007,0.76,0.7584000000000004,0.0015999999999996017
2022-05-07,34.53,33.76045000000008,0.7695499999999242,98.06,98.02849999999991,0.031500000000093564,7.75,9.021249999999986,1.271249999999986,1.55,1.6272499999999983,0.07724999999999826,0.2,0.2362999999999997,0.036299999999999694
2023-07-28,28.54,29.380799999999958,0.8407999999999589,97.66,97.84085000000022,0.18085000000021978,21.03,22.400300000000016,1.3703000000000145,0.84,1.1135999999999984,0.2735999999999984,0.73,0.6989500000000003,0.03104999999999969
2020-03-04,21.23,20.93885,0.2911500000000018,98.68,98.77544999999992,0.09544999999991433,7.93,7.875400000000018,0.054599999999981996,1.48,1.9791000000000019,0.4991000000000019,0.37,0.3750499999999997,0.005049999999999721
2021-02-26,24.48,22.726500000000055,1.7534999999999457,98.33,98.71654999999981,0.386549999999815,5.67,5.249700000000014,0.4202999999999859,2.45,2.2604999999999946,0.18950000000000555,0.27,0.27690000000000076,0.006900000000000739
2021-09-22,26.61,27.42210000000008,0.8121000000000791,98.06,98.12819999999998,0.06819999999997606,20.5,20.105549999999983,0.39445000000001684,1.62,1.783500000000001,0.16350000000000087,0.75,0.7373000000000001,0.012699999999999934
2025-06-19,32.24,32.56245000000007,0.3224500000000674,97.28,97.36805000000004,0.08805000000003815,18.28,18.640749999999965,0.36074999999996393,2.85,2.9776499999999944,0.12764999999999427,0.36,0.3995500000000001,0.03955000000000014
2023-01-11,13.51,13.054950000000012,0.4550499999999875,99.0,99.36814999999999,0.36814999999998577,5.96,5.358549999999985,0.6014500000000149,1.45,1.8674500000000034,0.41745000000000343,0.41,0.4143500000000002,0.0043500000000002426
2025-11-21,17.59,18.373850000000008,0.7838500000000082,99.38,99.21734999999971,0.1626500000002835,7.76,6.210950000000008,1.5490499999999914,1.3,1.371249999999997,0.07124999999999693,0.45,0.43794999999999923,0.012050000000000782
2021-09-24,26.58,26.37345000000005,0.20654999999994672,98.3,98.19595,0.10405000000000086,18.55,19.060749999999956,0.5107499999999554,1.57,1.6090500000000012,0.03905000000000114,0.74,0.7499500000000002,0.009950000000000236
2025-05-02,28.81,29.209300000000017,0.399300000000018,98.49,98.15884999999984,0.33115000000015016,12.75,10.076149999999965,2.6738500000000354,2.34,2.5710499999999934,0.23104999999999354,0.32,0.19225000000000023,0.12774999999999978
2025-04-13,30.67,30.88775000000001,0.21775000000000944,98.4,98.27409999999998,0.12590000000002988,7.25,7.912850000000003,0.6628500000000033,1.28,1.8622999999999978,0.5822999999999978,0.19,0.18600000000000036,0.003999999999999643
2022-12-26,11.23,12.07855,0.8485499999999995,99.38,99.31179999999988,0.06820000000011817,4.77,4.828950000000003,0.05895000000000383,1.74,2.3431999999999977,0.6031999999999977,0.43,0.4352500000000001,0.005250000000000088
2021-10-13,23.86,24.564200000000007,0.7042000000000073,98.31,98.19974999999988,0.11025000000012142,12.25,12.643499999999987,0.3934999999999871,2.18,1.5554000000000037,0.6245999999999965,0.58,0.5882999999999986,0.008299999999998642
2023-09-23,28.81,28.37260000000003,0.43739999999996826,98.19,98.14860000000019,0.04139999999981114,20.31,20.036949999999994,0.2730500000000049,1.16,1.4068000000000027,0.2468000000000028,0.63,0.6023499999999987,0.027650000000001285
2022-06-19,31.01,32.758499999999955,1.7484999999999538,97.69,97.63255000000005,0.057449999999946044,16.42,16.548200000000023,0.12820000000002096,1.33,2.05305,0.7230499999999997,0.41,0.35094999999999976,0.05905000000000021
2021-11-25,16.44,16.30204999999998,0.13795000000002133,99.04,99.11304999999989,0.07304999999988127,6.82,6.490199999999993,0.32980000000000764,0.94,1.5023999999999995,0.5623999999999996,0.53,0.5371500000000016,0.007150000000001544
2020-07-24,30.61,30.184100000000015,0.4258999999999844,97.96,97.80934999999988,0.15065000000011253,18.37,19.099399999999967,0.7293999999999663,2.23,2.013499999999999,0.2165000000000008,0.47,0.5091000000000001,0.039100000000000135
2021-09-03,27.1,27.73465000000002,0.6346500000000184,97.91,98.02554999999998,0.11554999999998472,20.58,20.11904999999994,0.46095000000005726,1.94,1.7823000000000007,0.15769999999999929,0.77,0.7609500000000007,0.009049999999999336
2024-01-28,14.25,13.953900000000006,0.2960999999999938,99.34,99.37599999999995,0.03599999999994452,4.38,3.8678500000000056,0.5121499999999943,1.39,2.10835,0.7183500000000003,0.29,0.29654999999999954,0.006549999999999556
2021-03-09,26.6,24.047149999999977,2.5528500000000243,98.74,98.86559999999997,0.12559999999997729,5.35,4.919199999999994,0.43080000000000584,1.15,1.6070000000000022,0.4570000000000023,0.16,0.1648500000000001,0.004850000000000104
2021-06-16,31.76,33.269199999999884,1.5091999999998826,97.34,97.37484999999998,0.0348499999999774,15.8,14.418000000000013,1.3819999999999872,0.83,1.8270499999999958,0.9970499999999959,0.4,0.3887499999999997,0.011250000000000315
2025-04-06,30.31,28.617549999999984,1.692450000000015,98.24,98.4482,0.20820000000000505,4.08,4.243749999999997,0.16374999999999673,1.78,2.304,0.5239999999999998,0.1,0.10175000000000008,0.001750000000000071
2024-04-08,29.41,29.736049999999942,0.3260499999999418,98.45,98.49630000000003,0.04630000000003065,3.75,4.4090999999999925,0.6590999999999925,2.06,1.9916000000000016,0.06839999999999846,0.14,0.13380000000000009,0.006199999999999928
2023-01-16,8.92,13.121799999999997,4.201799999999997,99.2,99.26770000000013,0.06770000000012999,2.88,5.423099999999988,2.5430999999999884,1.91,1.422050000000001,0.487949999999999,0.41,0.41895000000000043,0.008950000000000458
2021-08-28,29.18,29.204149999999977,0.024149999999977467,97.74,97.79534999999993,0.055349999999933175,20.21,19.812599999999996,0.39740000000000464,0.85,1.7365500000000014,0.8865500000000014,0.69,0.6785500000000022,0.01144999999999774
2020-01-24,11.46,11.772699999999979,0.3126999999999782,99.23,99.36855000000018,0.1385500000001798,3.75,4.502999999999991,0.7529999999999912,2.95,2.1437,0.8063000000000002,0.38,0.3870500000000004,0.007050000000000389
2025-01-05,14.42,14.510249999999978,0.09024999999997796,99.08,99.1849000000002,0.10490000000019961,5.54,5.360099999999988,0.17990000000001238,1.66,1.399250000000002,0.2607499999999978,0.38,0.3887500000000004,0.008750000000000369
2025-03-26,30.47,26.627650000000003,3.842349999999996,98.25,98.59205,0.3420500000000004,4.74,4.471749999999995,0.26825000000000543,1.05,2.4595500000000006,1.4095500000000005,0.15,0.14580000000000032,0.004199999999999676
2021-03-14,25.45,24.799949999999935,0.6500500000000642,98.83,98.77780000000013,0.05219999999987124,5.72,7.656750000000017,1.9367500000000168,2.2,1.6248000000000016,0.5751999999999986,0.19,0.1878499999999999,0.0021500000000000963
2020-07-17,32.7,34.06809999999999,1.368099999999984,97.62,97.56209999999999,0.057900000000017826,20.39,18.459449999999958,1.9305500000000428,2.53,1.9616000000000011,0.5683999999999987,0.44,0.39305000000000107,0.04694999999999894
2020-02-19,18.39,17.71454999999996,0.6754500000000405,98.97,99.07804999999996,0.10804999999996312,4.0,4.213549999999987,0.21354999999998725,2.3,2.4151500000000077,0.11515000000000786,0.35,0.3509000000000004,0.0009000000000004005
2020-06-22,34.3,34.9759500000001,0.6759500000000997,97.58,97.70039999999996,0.12039999999996098,16.46,16.9331,0.47309999999999874,1.48,2.512549999999997,1.032549999999997,0.35,0.2921499999999995,0.05785000000000046
2025-08-16,28.38,28.476050000000036,0.09605000000003727,97.78,97.88169999999998,0.1016999999999797,20.73,20.950500000000012,0.2205000000000119,1.44,2.047500000000004,0.6075000000000039,0.72,0.7317499999999997,0.011749999999999705
2021-04-23,29.35,28.139949999999953,1.2100500000000487,98.35,98.41890000000011,0.06890000000011298,5.67,5.948349999999994,0.2783499999999943,2.98,1.9303500000000022,1.0496499999999978,0.16,0.1488500000000004,0.011149999999999605
2022-07-26,30.62,30.875799999999966,0.25579999999996517,98.07,97.84454999999984,0.22545000000015136,18.99,18.507799999999985,0.48220000000001306,3.1,2.105200000000006,0.9947999999999939,0.42,0.41804999999999964,0.0019500000000003403
2020-11-04,21.75,21.447800000000033,0.30219999999996716,98.83,98.9458,0.11580000000000723,4.19,3.803499999999989,0.3865000000000114,1.85,1.650500000000001,0.19949999999999912,0.18,0.1868500000000003,0.0068500000000003
2023-07-13,29.91,30.50999999999999,0.5999999999999908,97.67,97.55754999999992,0.11245000000008076,21.37,21.23255,0.13745000000000118,1.82,1.4664500000000005,0.3535499999999996,0.65,0.6435999999999987,0.0064000000000012935
2021-08-24,28.67,28.86729999999995,0.19729999999994874,97.74,97.89014999999996,0.15014999999996803,20.85,20.518749999999986,0.3312500000000149,1.01,2.1569499999999997,1.1469499999999997,0.7,0.7032500000000006,0.0032500000000006413
2020-02-29,19.94,19.342899999999972,0.5971000000000295,98.85,98.98189999999997,0.13189999999997326,9.39,7.855149999999989,1.5348500000000111,2.61,2.372600000000006,0.23739999999999384,0.4,0.3607499999999996,0.039250000000000396
2020-03-12,21.01,19.70494999999999,1.305050000000012,98.74,99.0100999999999,0.27009999999989986,9.12,6.278649999999994,2.8413500000000056,2.09,1.6437000000000026,0.44629999999999725,0.42,0.42130000000000073,0.001300000000000745
2025-09-05,26.75,27.629099999999976,0.8790999999999762,98.06,98.03195000000024,0.028049999999765873,20.15,20.431850000000026,0.281850000000027,3.18,1.6817000000000026,1.4982999999999975,0.85,0.8203500000000018,0.029649999999998178
2025-04-08,31.5,30.79905,0.7009499999999989,98.59,98.39754999999982,0.19245000000017853,4.6,4.632349999999993,0.032349999999992995,2.75,1.9248499999999975,0.8251500000000025,0.1,0.10085000000000009,0.0008500000000000868
2025-05-28,33.92,33.366549999999926,0.5534500000000762,97.44,97.2914499999999,0.14855000000009966,15.32,12.938599999999985,2.3814000000000153,1.51,1.6544500000000042,0.1444500000000042,0.33,0.3246000000000002,0.005399999999999794
2023-04-13,29.32,30.15605000000003,0.8360500000000286,98.49,98.52749999999993,0.03749999999993747,7.37,7.579550000000007,0.20955000000000723,2.32,2.0882000000000014,0.23179999999999845,0.33,0.3294499999999991,0.0005500000000009386
2024-02-17,17.34,18.899250000000002,1.5592500000000022,99.04,99.26225000000001,0.2222500000000025,3.76,4.299999999999996,0.5399999999999965,1.95,1.3685000000000012,0.5814999999999988,0.33,0.33079999999999904,0.0007999999999990237
2023-12-27,15.23,15.482900000000022,0.25290000000002166,99.56,99.41579999999996,0.14420000000004052,5.74,5.708800000000013,0.031199999999986794,1.02,1.6000500000000002,0.5800500000000002,0.34,0.3401000000000017,0.00010000000000165432
2023-08-28,29.43,28.75584999999999,0.674150000000008,97.72,97.94539999999992,0.22539999999992233,19.7,19.721100000000025,0.021100000000025432,2.13,2.041950000000001,0.08804999999999907,0.62,0.6283500000000003,0.008350000000000302
2025-10-08,22.14,24.5329500000001,2.3929500000000985,98.75,98.73825000000019,0.011749999999807414,13.59,14.593450000000043,1.0034500000000435,1.34,1.6208999999999978,0.2808999999999977,0.69,0.7006999999999995,0.010699999999999599
2020-06-11,36.53,36.31829999999995,0.21170000000005018,97.57,97.60014999999997,0.030149999999977695,14.2,13.867350000000028,0.3326499999999708,1.31,1.511599999999998,0.201599999999998,0.3,0.3023999999999992,0.002399999999999236
2025-02-01,17.76,15.257250000000026,2.502749999999976,98.87,99.03990000000016,0.1699000000001547,4.85,6.281999999999997,1.4319999999999977,1.33,2.380350000000005,1.0503500000000048,0.35,0.41359999999999936,0.06359999999999938
2022-12-23,13.02,12.650599999999967,0.3694000000000326,98.93,99.0658500000002,0.13585000000018965,5.07,4.913449999999999,0.15655000000000108,1.4,1.8560000000000034,0.4560000000000035,0.44,0.44034999999999885,0.00034999999999885123
2021-07-02,36.9,35.22404999999998,1.6759500000000216,97.23,97.3563000000002,0.12630000000019947,14.84,15.139449999999977,0.2994499999999771,1.8,2.2063000000000055,0.40630000000000543,0.35,0.35814999999999964,0.008149999999999658
2021-09-26,26.99,27.29165000000007,0.30165000000007325,98.16,98.21860000000008,0.058600000000083696,19.62,19.23479999999996,0.3852000000000402,1.62,1.4883999999999984,0.13160000000000172,0.72,0.7267999999999994,0.006799999999999473
2023-12-06,18.16,16.721950000000028,1.438049999999972,99.21,99.1458499999999,0.0641500000000974,6.46,6.028799999999994,0.4312000000000058,1.27,2.003600000000001,0.7336000000000009,0.36,0.3637499999999998,0.003749999999999809
